conversion_id,click_id,campaign_id,customer_id,timestamp,revenue,conversion_type
e3eb2380-a9aa-488b-b432-21078a00eaab,a37fae37-bb18-4fc0-91bb-e85365593d3b,C018,CUST-26033,2024-11-30 12:40:09,0.0,signup
49a3de47-1f2c-4547-8833-de99f28e9881,cbe58b26-ebfa-465e-9682-7aebc1953b71,C004,CUST-35213,2024-08-25 22:38:56,174.63,purchase
b8958f1c-6a72-4d61-aea4-34923fe9bdc1,dcd4e9eb-c6ca-4f51-b2f5-8175ff7a2b1d,C004,CUST-38874,2025-08-11 18:39:32,0.0,signup
f5d1d11c-cba8-4657-b28e-918c30fbaae5,6d7c4a0c-6f91-4db3-8a76-8719a19bd59b,C043,CUST-20987,2025-03-17 10:29:32,117.66,lead
24bf2ee1-6124-43a3-863a-80d27995b0dd,c1e91777-8672-4e9e-8555-0eb37b083307,C016,CUST-12199,2025-06-06 16:29:01,0.0,signup
91e8daed-e919-4f9d-ba46-d6bace112677,1dd96eca-f938-4ed1-ae62-1dd5e9ad76c7,C012,CUST-31800,2025-02-24 10:47:27,1522.22,purchase
cf35a76e-35de-4b10-8af3-e7f930b1cf6a,cd0cb518-09a4-4446-9e45-6c07d889ffb8,C028,CUST-05043,2025-05-16 10:42:31,168.39,lead
be6a820a-4037-4326-bea6-bfb800ac8088,706b6289-0f5e-4d54-bdba-cd3fdaaac08c,C001,CUST-11778,2025-03-23 07:58:16,355.71,lead
82f72348-bcd3-473f-8d0c-4fc577bc65ae,0e0e1639-583f-444d-a4e5-72730cf86247,C005,CUST-44668,2025-06-21 11:32:27,1594.05,purchase
6709502e-8e4c-4377-b9dc-a01cc494e619,46b0aab4-1f1b-4102-8a22-743e73a102da,C038,CUST-38124,2024-07-23 06:22:57,0.0,signup
6122b243-b72d-4f22-9a59-a71a27c74fdc,e074210a-8e12-4942-87fa-99f8c3c0f388,C031,CUST-39116,2025-06-10 14:15:05,1526.71,purchase
757f0f35-e93b-4974-b72b-6bf833e4132a,03afa0ba-dc4a-4790-88f0-fb390bbee33a,C010,CUST-08569,2025-09-10 05:27:13,1848.49,purchase
9dc73efb-29a5-4af3-91ee-709b7cec9464,68711c48-2644-4f85-adac-e78e97bd6e9b,C026,CUST-16172,2025-02-15 14:51:41,0.0,signup
8154ec97-dbd2-46c2-b264-e52f53f986be,366ad01b-8e60-4c6a-896e-a7f5d9d5ed18,C032,CUST-04633,2025-09-26 19:01:12,0.0,signup
d69d3c8c-1059-4bc3-a3e5-7bcab175d0a4,5ac63b6f-b6ba-460a-bcc0-a909ec0328b7,C012,CUST-21650,2024-02-10 17:57:57,0.0,signup
03b30c63-03b1-4a96-8178-b299b1ffca72,fa9ccf46-5212-4da5-a808-689f8f604da3,C016,CUST-05678,2025-05-18 16:32:32,0.0,signup
8c25ba5f-57e2-4fd1-9b4e-bb4e3e76e0cf,6bc01761-4c21-4ac5-b1a4-f1870cd381ae,C047,CUST-24535,2025-04-14 13:22:16,0.0,signup
d0b6681a-d09a-4686-9040-b0005e650cae,e0c2361d-3b1a-4720-935e-30ad421f8ee3,C004,CUST-10604,2025-09-16 02:52:23,129.18,lead
299c3149-48b4-44a5-9872-683ac6292eb7,a0938dad-6e33-4639-8aa3-3c78f9147ac9,C015,CUST-23858,2024-09-18 22:52:19,488.43,lead
4c0e9ffd-5427-4866-912d-60c06a57366c,98f9bfdb-b399-4154-ba50-c6544e122f6a,C010,CUST-15438,2025-04-05 03:05:41,0.0,signup
dfd81354-c8b7-4864-95ea-96ce93c7d30f,4d9f5def-16f1-41a3-ae6b-b34506318a66,C040,CUST-00922,2024-04-08 06:52:52,279.81,lead
3e3a62bf-6fae-41c0-ae49-0f44696c8ccd,537659de-2d71-4e7f-a568-c9630c51b94c,C035,CUST-15395,2026-03-12 14:11:26,0.0,signup
aa7295a3-1e21-49b4-99aa-3038fcb7f6c6,4d59fca1-111e-45fe-ac43-ec860c2f3d62,C016,CUST-03123,2025-10-09 20:38:40,1467.49,purchase
021fffaa-c31a-47ad-ab7b-995fc132e326,80633ac3-f964-46d2-acb1-94595c7f3848,C041,CUST-12748,2025-06-01 06:10:49,109.07,lead
cb81192b-a4c6-4aab-9f1c-b6813df51b97,61cab46d-550d-4615-aa29-4a9b03c2a510,C035,CUST-41649,2024-09-29 04:00:55,0.0,signup
0b96b5ec-234e-4c79-bea7-06521c9121c3,c2e70524-ae2d-4330-aa0a-80169cb04ced,C031,CUST-41584,2024-10-11 00:21:50,1704.54,purchase
ae1843b6-bc80-4d29-9ba8-c3c7c62e31c6,9088ea2d-3100-41fc-989e-9507929f7a89,C023,CUST-27175,2024-04-11 15:14:44,0.0,signup
18363165-5d4e-457d-9c8a-56aec6cdfaeb,a8ac5518-9bf3-4402-a799-68065c644bfb,C009,CUST-25071,2024-04-26 03:53:56,11.8,lead
26217941-a5cc-4569-8c45-9e51afb030d3,d1026710-c0eb-4f00-af2f-a913534502f8,C011,CUST-01451,2025-06-09 04:03:35,184.61,lead
b4722a3b-2e76-4e2b-aa65-ce1268db3118,6036fba4-da70-4906-9903-53f8e792bdc0,C004,CUST-22014,2025-08-20 02:45:29,55.36,purchase
dc311da4-9f3e-4bdf-8ca9-aa257f1cdc1b,b11c6fc4-c33f-4def-aed9-7fdfae57111b,C037,CUST-12217,2024-10-29 14:30:41,0.0,signup
b39642a0-3405-4efb-9b6c-828e83810873,4ab5e548-57f6-42c2-82d3-50ec6606ff1c,C040,CUST-23895,2024-07-03 14:18:49,100.86,lead
72f55376-5656-4a9a-a6d6-76d3f3b2e9af,9882dca0-5099-4d2e-9031-82f811bce1b2,C033,CUST-26816,2026-02-16 19:05:43,565.42,purchase
1de1153f-5e31-404c-b6ac-662abbbe024b,0056ff23-ae53-4094-b7c0-1dd84861c614,C027,CUST-00376,2026-01-03 12:39:02,1122.83,purchase
f51919e8-728d-49c4-9fc1-9061f8844c5e,75be4295-71a4-412c-8dc3-381306f538ef,C042,CUST-15392,2025-02-15 00:40:37,0.0,signup
ca45a499-d942-4d6d-b42a-2376d4d7ba04,c4e64b32-cc92-42b8-a275-8cfa07f30522,C042,CUST-05702,2024-05-19 09:20:04,1366.02,purchase
4e023417-74c4-49a0-8aa9-5a609336153c,222cef1e-03f7-4505-9ad5-d438098f13cb,C035,CUST-14151,2024-02-28 14:56:56,0.0,signup
46b2c504-7caa-4e68-b502-c85343456c00,8b408966-701e-4392-84a0-7ced49a8f810,C021,CUST-29464,2024-01-11 20:50:55,0.0,signup
3951d78b-a944-4a63-bb7b-e86ce414e5f0,bb31eb55-ca6d-4961-bfdf-38421386543c,C025,CUST-37273,2024-05-04 23:56:10,87.71,lead
8c2805a8-9dd4-4212-be9e-12ca5c6fdf31,7deab67f-3b79-4ec5-8f17-b3189ee59b6b,C044,CUST-09430,2025-01-04 00:30:55,0.0,signup
291ba2e7-9094-48ac-8478-d1ddba0a3732,512137ee-bd31-4e27-9bdd-8035574779b4,C018,CUST-47435,2024-02-21 20:07:29,139.16,lead
bbab3ffe-281a-4a64-a092-9fe54d1ab542,0b073bf5-6d1a-42b9-8c33-ec2ce8bd3be4,C006,CUST-37394,2024-08-28 01:03:47,0.0,signup
c55e41a6-82b0-45a2-829b-dbfe8019c297,318d8ba9-6a8a-419e-a9b1-52ee29a1165e,C018,CUST-10342,2025-07-24 15:05:19,0.0,signup
8a568f6b-975b-4348-8a11-e6cc5a062733,4f298dda-8277-4ba6-8ee2-3b9215440ebd,C043,CUST-48591,2025-07-10 16:19:00,123.19,lead
5a45b9ac-3955-43be-bb03-da06c40af9f6,28df27db-f1a2-4c6e-ae0a-d6f36c467d5a,C001,CUST-47770,2024-11-10 15:42:23,0.0,signup
f00e86e7-d4c9-4148-9eca-0ef6b09c72f4,adf7edd6-f9db-42c4-926f-a34ee0a6597f,C047,CUST-47905,2024-12-30 13:44:23,107.13,lead
3717d8ea-bc7c-4782-8e5a-829911c8b921,9da95766-14a9-453f-8bd7-bb883e0e7f52,C001,CUST-49284,2025-06-18 04:28:00,1359.7,purchase
253fb2a9-54cf-4e00-8d12-e833a390d682,462f290e-b481-44d4-912a-7f9990fe0d3a,C007,CUST-11395,2024-07-11 01:42:58,1565.05,purchase
0cea3875-b80c-4088-a2ba-0710ed36bcb0,38d2de46-aed7-4018-b127-5f276c1311be,C023,CUST-40440,2025-05-04 02:05:12,251.17,lead
69066779-0c49-48e8-9024-6458d267efa7,ab00e320-8e35-4828-a0b1-9680962218b3,C048,CUST-41329,2025-01-05 16:26:17,0.0,signup
0fc640a4-6329-4943-8a86-2114126da1c4,6cc69e1f-a56f-484e-bb25-3d149c0edd36,C008,CUST-04936,2024-02-18 10:18:10,12.73,lead
ad93df98-7164-47bb-a503-22072b7c2183,4f116acf-7c4a-49b4-8d37-ddc9010ba273,C048,CUST-33173,2024-10-22 01:57:07,267.13,lead
98d16828-204f-4d85-975e-b13d9f3a6301,d22714ed-afc3-4815-8c5c-88c16854c342,C047,CUST-47437,2025-02-01 15:21:36,0.0,signup
7952b1ee-cdb7-4bae-a11f-6d9cc36ebeb4,5234dbe5-0fe3-4fcc-ad37-9918f7b6cad1,C011,CUST-01273,2025-12-30 22:25:17,466.09,purchase
07685698-1137-463b-8a52-9771230773fc,047e8aa1-9bce-457f-adb7-4036714856c4,C019,CUST-47395,2024-07-26 11:21:11,0.0,signup
a5995672-fceb-468a-a7b7-29f9b8865d81,785daa71-b3ee-4102-bfc1-c7534420d971,C042,CUST-09608,2026-02-22 04:16:18,0.0,signup
bd38e10a-c332-4026-acce-748bd6f84bf1,c583b7d2-d45c-4575-beac-09fd83dc5951,C021,CUST-21582,2024-06-28 11:31:06,970.39,purchase
faaa2d4f-2146-4c68-b0bc-cd44fd55dbac,cd69545f-291c-4d39-aa2b-a22f9ab948f9,C038,CUST-39472,2025-10-10 21:54:19,782.47,purchase
31192905-f3b3-486c-9bd4-49de17a56015,c7290d1a-451c-420d-8aed-2745cb203bd3,C044,CUST-15242,2024-03-24 19:13:03,351.87,lead
2b7e72db-12c5-4971-9b10-53009d8805a9,93415158-38f6-4147-90b8-ccd9ae548b0f,C039,CUST-46273,2024-10-28 06:40:24,374.81,purchase
72ab8734-1147-44d1-807d-94aaec959430,4781f233-aa4b-4f6d-a077-daeed7ec7e1f,C048,CUST-09680,2025-06-18 08:08:33,0.0,signup
6c2feb3d-13e5-4632-9ac9-6771859a09fe,fdc074f4-1317-4f44-ac24-cfc5f1665e35,C047,CUST-22827,2026-01-15 22:51:46,643.57,purchase
2f302b23-238b-474f-8489-9106eb0bb154,8e4ec143-6663-47be-8995-c9be0d040fc8,C012,CUST-06314,2025-09-22 10:42:07,432.55,lead
2c36c144-d612-483f-a905-253860981151,dfd9f65e-705c-4ece-bb24-1c7c5185c78c,C021,CUST-12295,2025-07-02 19:22:53,466.17,lead
009a696e-3d5e-43a7-ab8a-8a1b7ea43ba1,399bb581-ecd7-4ce2-8130-598ff6f83ba0,C045,CUST-29006,2025-01-21 00:34:41,0.0,signup
e906a095-56fa-421f-975c-a8c63ee76c46,9b544b76-023c-4602-8175-54beeabc80fc,C017,CUST-06331,2024-12-22 05:02:23,332.55,lead
4a8d85e3-1d33-4d50-b9f8-67e1102d95f7,57db3091-5964-4495-8972-c12377e30dd8,C006,CUST-22168,2026-02-05 08:32:40,847.06,purchase
e3952824-005b-4bfa-9c90-90f43afbfb8d,b7142abf-f830-4dc4-b9e3-ce3a2a719606,C008,CUST-35825,2026-03-16 13:44:23,1550.95,purchase
83849eb1-c328-4984-9158-303fc579d5ee,460b4bbe-6445-4bb3-9666-bd5b206b22f9,C049,CUST-19410,2025-07-22 00:09:18,0.0,signup
6230851c-6ba7-4f6f-b12a-54f428d5c14b,ef7bd947-3fc7-4713-a1ed-88952214b697,C007,CUST-06963,2025-02-23 16:35:12,1164.22,purchase
f7f70b11-d3f1-4d9d-ae8e-9bb88837ac9c,d35e3dad-4112-46d5-bf82-741aa475ea7f,C006,CUST-27925,2025-01-07 03:45:43,475.19,lead
bbb9e4bf-20fc-4fc3-9ee4-0db37ff206d5,fe09158e-d3bd-4af3-98ac-5323d45e248b,C018,CUST-30428,2025-11-12 13:10:14,1284.61,purchase
b2170f38-a079-45e7-8990-c94b3a511f64,9fa01f6e-ae9b-4325-a97d-3ceebc8f1154,C021,CUST-26615,2024-03-07 03:16:08,152.41,lead
e07e8702-a6b6-46b8-8bde-172f81779bf4,4cc90454-8455-418d-835f-e4534a3f04ea,C029,CUST-31386,2025-02-13 04:39:20,46.75,lead
0f5aabd7-813d-4194-8717-004cdaf4676a,4e8449e2-e12b-499d-a18b-5289f2b62e2e,C040,CUST-05618,2025-02-01 21:43:34,1318.42,purchase
e4882e09-00c1-4d76-9dc0-34061c41e310,21574841-6989-4482-9bec-2563a9dc8177,C039,CUST-29719,2024-04-20 08:05:40,1474.95,purchase
c05c6215-f1a1-4b95-b325-35f72f7942e1,ddcc7062-fd29-4503-ad7d-84028f61d366,C040,CUST-07778,2024-03-05 00:27:12,43.63,lead
f5c621bf-1204-4b51-9473-4472bc77c5c5,0372ca5e-a3c4-4984-9b07-697a751dedd6,C044,CUST-17242,2025-10-26 00:10:13,0.0,signup
338615e4-a5a5-42f4-a6db-6de93b331c13,687b2188-113e-47eb-9995-0547a7ca2a2a,C007,CUST-23918,2026-01-22 23:57:56,0.0,signup
e9daddff-81c6-47a9-bca7-156d6d9fb671,793ed782-c878-4ecf-93c6-312ad88dc987,C022,CUST-14242,2025-09-03 18:18:36,347.53,lead
debe230e-f42e-494a-89cd-51b874ad85f8,1130a36b-0318-4f63-8442-8ad741ad91a3,C010,CUST-33331,2025-04-30 18:42:56,1940.03,purchase
8aabb966-78b4-401f-b98e-0337c9a43cc7,14aa1955-034c-4f53-995c-e1b86b0aa548,C031,CUST-30024,2026-02-19 22:49:30,437.0,lead
e62c2e7d-8cfa-4090-9f9d-687336e76b73,b104fd56-fb36-4424-9758-4b36ddc419fb,C048,CUST-23279,2025-05-01 22:50:54,469.51,lead
fb6c9fbd-977c-4021-b655-9cf088a11f84,3d71c3d0-eb97-420c-8fbc-0d65b376094a,C032,CUST-38042,2024-12-03 00:31:49,189.55,lead
4283e86d-51f6-49d6-8ee1-30fd3b5a8422,38a59012-5816-4826-8376-f0d7e4756b3d,C031,CUST-27031,2024-07-09 09:38:25,0.0,signup
0ced629e-502f-4bb7-9175-da92a57d7737,5280475c-9a4e-48e3-9172-50b903c75536,C034,CUST-26606,2024-11-22 02:17:48,91.89,lead
0828daf0-185c-4bda-b69c-b3667040f81a,ff92f109-5636-4183-94d5-5c0c92e33167,C002,CUST-12932,2026-01-08 23:03:57,0.0,signup
7d0c73b3-2778-4b1d-95f9-3a60d10e2c8e,7c6353cd-9e71-4698-b51a-08427e119252,C022,CUST-20077,2025-01-02 16:18:25,286.68,lead
8f931dc1-0417-4cba-97c4-4c485dc23ee6,cab256b3-d1a6-432f-9e44-c8c6c6ffcf69,C002,CUST-22772,2025-11-02 15:29:36,1695.85,purchase
287fee70-d212-4647-91bd-430e8a6e8df2,4471c048-5a9e-480a-a80d-f9cef453d8ee,C035,CUST-15368,2025-07-24 17:11:43,2.27,lead
6a244b1d-fea6-4b7c-a024-b0af2188b8a8,f2105019-144f-4b2e-9d9f-6533c201a3c1,C012,CUST-17625,2025-01-02 05:00:58,125.97,lead
557dce9e-5e0d-4863-a0d5-c769841c840e,980a4242-5ebd-49f6-bf7f-20b5ea5853e2,C023,CUST-10164,2025-02-15 04:07:34,51.79,lead
921b86dc-031e-406a-bf6a-40b3388b491c,f858e1b1-df73-43c5-80fa-7107dad46696,C025,CUST-27401,2025-02-12 04:49:22,0.0,signup
3aacea32-bdb1-471b-b39a-2a6df149de41,cf903338-d6d9-4c10-ad7b-7a5b9aba3868,C021,CUST-12946,2024-03-04 21:43:43,0.0,signup
fdeaec12-0057-4b5f-a741-a42b1f02e2b8,cdb533ba-1705-481f-9ff4-3763e676836d,C030,CUST-30666,2025-10-25 23:37:21,0.0,signup
d7475045-cbb3-4c35-b035-afacf2c7abda,40ab8c25-5238-40a9-a13b-58e893e3e05e,C007,CUST-46413,2025-02-06 17:56:58,366.31,purchase
cbc94ef8-4e2e-426d-bf00-337b8542cc43,533b61ad-a553-4a15-8212-0c204d5814d9,C033,CUST-06473,2026-02-01 12:18:56,150.76,lead
4fb8bf05-7242-4c6f-ba3c-9bfc1b594e9c,fd6d7fc9-9ba0-49fb-a6de-40598c71325a,C010,CUST-42318,2024-01-30 19:06:18,396.98,lead
a8227bd9-4486-4599-99c8-0f00d39f232e,5e880f9c-9f8b-48c9-b536-9b7a01f217c6,C032,CUST-31430,2024-05-17 00:20:43,46.32,lead
3c7d4751-fd17-4188-acb2-8f400f269b17,59a3141b-f419-4761-bec2-4189a2f298be,C041,CUST-48011,2025-02-23 22:41:17,14.13,lead
68d6f803-8e3e-4387-9563-8c7bcbd1a4e7,ef37fc6e-a44a-42ab-a170-9f76a41c0164,C030,CUST-15243,2025-10-12 01:26:03,0.0,signup
e5d8fa95-1dfc-489b-88b8-9f3f618eae4e,ed9b8875-2c1d-4dbf-a4b8-3d023dcfe2b6,C006,CUST-13370,2026-01-15 12:07:48,0.0,signup
b4d0ba7f-135c-445f-a244-4e67ab394e01,e1aa3970-12e6-4806-80cb-e1f6d44a9069,C009,CUST-21409,2025-09-21 20:45:02,1324.96,purchase
d5afbc40-8e91-4aeb-901e-e7003f69575d,30f6e9e6-7034-4a02-8f9b-36ee2ff4e974,C024,CUST-38727,2025-12-04 08:17:37,118.21,lead
0959a6fb-d481-463b-a76c-36b45ba6e08e,df022e09-e548-4827-ac7c-84814992295e,C011,CUST-36669,2024-06-23 12:02:08,1014.7,purchase
9f2c1828-d260-4085-8f41-164b39ee8fc3,7f719dea-7743-4e23-97f5-fb0e7b086cae,C012,CUST-13487,2024-08-26 19:21:18,950.54,purchase
4e1e9730-07ad-4dbf-9ebd-2c059cd345b7,54740722-50ef-4597-8b7e-b72b8b647429,C029,CUST-01599,2024-05-16 04:24:57,0.0,signup
4d217ba6-c5b7-49f6-9f32-c95a11e32aea,c8615df2-0de6-409f-8893-fbd31e93437b,C044,CUST-13584,2025-09-08 04:50:13,1930.71,purchase
5e86496f-9f0e-4111-ba2c-3685363d5d40,828e6533-1e6d-42dc-b198-2dbb09722d46,C024,CUST-20830,2025-06-10 23:28:07,0.0,signup
e6cbabc8-ab4c-4b54-8e6b-d39f67c3b5fe,c3e8ad8e-86e2-45c1-a2c9-9302616adfd7,C031,CUST-47964,2025-09-20 13:39:29,354.48,lead
04bcf907-805c-4576-9745-8b861c44c460,f77ce05d-506c-43bb-bd93-7ac61d2d3210,C048,CUST-14757,2024-02-11 21:46:11,219.75,lead
df0a2dd2-ba0b-48d3-be20-16097c07184a,25a84df2-844e-4065-954d-27e9c7728e1a,C048,CUST-05102,2025-02-21 02:52:02,481.83,lead
012422d9-ba5e-469a-a050-32adc01efde6,46b1c6a2-9661-4949-b1fb-0edc73d80055,C002,CUST-04228,2024-05-10 22:27:44,1859.88,purchase
1f8d1f8b-eb25-4605-8bbf-4c8bf9644f78,b3ed011c-4c5c-49e8-aedb-2412be3964dc,C038,CUST-12819,2025-01-26 16:00:27,0.0,signup
428eef9a-24fe-43f2-a04e-2336bcd1e9e4,7b6d8889-5ebe-42f3-9846-c19c77b2184a,C017,CUST-29245,2024-03-28 19:07:28,1404.64,purchase
4a3eee67-ccb9-4cc0-a8f6-095f3d10255f,3e521c56-f293-4b1e-ba51-4482820156ab,C020,CUST-17071,2024-05-08 01:53:29,1873.89,purchase
51ddfe7d-1aa7-4303-a6a0-70852a4b3eb8,c53852ef-99e0-4af7-a9f1-2a699a9b8761,C011,CUST-41535,2024-07-02 01:06:09,650.68,purchase
40d44a68-9651-474b-a734-a025465b0887,555739fc-b25c-48ed-9d46-7854e52e0527,C019,CUST-07062,2024-10-21 20:40:00,0.0,signup
7bd430b0-e49f-403d-8260-64f6a2cc1441,eab2f65d-1d1c-4ed3-bf82-5f25d672e79b,C010,CUST-35686,2025-06-27 21:58:37,1380.23,purchase
9337e26c-02ab-46d7-a130-4bd1befda32e,17216951-c244-4e6a-83f2-238570bdb493,C006,CUST-09642,2025-01-31 10:25:46,0.0,signup
d3cb2bcf-b5a3-4bed-8f43-1e05b6ceeebe,5793189b-3cc3-4bf5-b678-b201bbea52b8,C030,CUST-35351,2024-12-14 13:17:42,473.3,lead
185fc4d4-4b47-471f-969d-6ffdb3adab4b,e4ea55bf-3b71-4b97-91a1-737335f23404,C001,CUST-38789,2026-03-15 01:48:36,0.0,signup
c546a947-e0cf-46a7-90b6-2de2723e8832,ba05a626-1afa-410a-995a-037c20784434,C043,CUST-36115,2024-08-06 10:52:40,351.58,purchase
c6329fce-0b2b-4273-b37e-5733c4e609e9,991cee56-79b1-43f7-ba8b-835fe4067819,C008,CUST-33569,2025-03-26 07:06:55,0.0,signup
ef390c8c-2152-4105-b942-22880a848bc3,844f84b5-18eb-4202-a78f-2b54136c0a9c,C005,CUST-30204,2025-10-10 21:03:26,278.33,lead
35254acb-afaa-4572-9009-0cd485f5ff1e,650864df-c0f8-4f49-aa66-bde987df611f,C047,CUST-37546,2024-07-26 07:43:41,1514.27,purchase
673aa442-5947-495a-a647-8c7192a2e20f,992cb8bd-9ba6-46dd-b72b-0152f1697cd0,C006,CUST-43504,2025-09-29 06:37:32,485.93,lead
3a4e40d6-39cc-4a69-aa7a-84020187ad5b,9c1fb2ce-6aeb-40a3-9464-4eb61121c531,C021,CUST-27999,2024-03-11 03:18:57,0.0,signup
3324989b-99dc-408a-86ad-784fde0f90be,77e34579-458f-4a1e-b53f-fadf1ec6a92a,C038,CUST-19225,2024-06-07 13:54:32,97.74,lead
73408bb3-1172-4bb8-8302-555d5580b78c,0c74d0be-c7da-42f8-a23f-2201aec1482b,C001,CUST-19821,2025-03-25 19:42:42,1460.65,purchase
a9774059-98ae-4d83-ad10-030e8846f64e,d77bbd2f-6dda-43fa-9893-5a6103123540,C033,CUST-22198,2025-06-16 10:17:56,437.88,purchase
d83f7206-9b82-469d-8a73-be36de480f16,09a81b33-9b95-4d23-a29a-e57fa0cb5adb,C042,CUST-33902,2024-05-01 01:12:50,1574.45,purchase
f23a3b0a-411d-4dc6-9711-56fa7130d0fa,c90d4e84-7811-493f-8e7a-2be8f108b45a,C007,CUST-27150,2026-01-16 07:15:48,145.39,lead
067ae637-77fd-4335-8e2a-2a28bf876b54,b2ccc1ac-e2a1-497b-b4db-4659989b9f02,C016,CUST-25299,2024-03-25 16:56:08,0.0,signup
a41ed4f8-a434-46bc-9fbe-7eefc2accbde,ead91047-4e9d-4595-981c-1bacf230cb62,C035,CUST-06585,2024-08-17 15:27:02,640.84,purchase
0bceb856-2d66-44df-8ef5-c3f21e2e4877,df83d8e7-6d03-41ef-b73c-b73b0601ff61,C022,CUST-15795,2025-12-02 04:40:38,0.0,signup
9be28bfe-f8ee-46be-882b-d26e0f033672,31e87cf9-f743-4eb7-b5b6-4c9c76597e46,C005,CUST-44693,2025-08-23 08:57:50,0.0,signup
4a6962e3-55c5-431f-a538-9c45befe6bf9,5e94e1ab-aca7-49bd-ac3c-a0868e8297d5,C025,CUST-49306,2024-11-16 19:19:49,415.61,lead
0b42f9fa-b4cf-472a-8556-38ef04126ffd,7ed5032a-58ce-451d-bccc-556b20ae082b,C040,CUST-25072,2025-09-06 09:23:06,258.47,purchase
d260d4a3-0929-43e3-ae71-8dd24f5148a8,9ff627d6-e3d6-4218-984c-74166b8c3c72,C016,CUST-45928,2024-03-25 09:16:01,0.0,signup
1dec6c4a-f38c-4c91-9649-fd139b7a3763,285e05b7-f459-40b5-98ef-3f3bc376d46e,C012,CUST-00267,2024-10-17 04:14:56,376.45,lead
a3ca2454-4780-422c-8200-356bccbf139f,7a0c9eea-5d71-4cfe-9e6d-2c980b54a2f4,C025,CUST-24568,2025-03-06 06:55:22,352.29,purchase
4d263dfa-1d5e-416a-b08d-e86f4821922f,89264c1e-e7c2-41ea-afb0-d24a969c8d69,C022,CUST-29716,2025-01-07 23:09:03,151.29,lead
8c0fd7b6-227f-431b-a358-5e42114c7f15,ebd3067e-5b05-4424-a570-4dc6f7385a47,C003,CUST-00027,2025-05-21 15:41:54,193.93,lead
18fbaa61-5fd9-43ee-b287-a31312e3ce6c,3d339133-26da-46c3-b27a-e56b1945a433,C002,CUST-29561,2025-05-22 10:07:30,213.09,lead
dc8411c6-075d-4923-9a60-f24fbd4aa076,d05675d4-bd75-43b9-ba8c-54637ddd8f4c,C015,CUST-09229,2024-04-10 13:28:23,0.0,signup
f101ad98-2253-4623-9575-c7885feb9a82,47ac7f2a-1ec5-4202-82af-bf6dda3f71ea,C033,CUST-05838,2024-07-11 14:57:40,0.0,signup
e0021f12-84a0-4766-af2d-976217af73d4,8bf49e7c-6b6e-46c4-8108-824413297da9,C047,CUST-11122,2024-03-23 13:03:50,135.04,purchase
a2012c1e-d2ca-434c-9879-ca1f8be7a05e,7ce8dca5-d237-44b9-b66a-eb510096e3fa,C026,CUST-49540,2024-09-04 11:23:40,188.51,lead
a6718312-3824-4ef6-9167-37d9fa0d8a78,aa961834-64f1-4170-a9ec-ede47b64f13f,C009,CUST-29085,2025-10-18 08:47:24,226.13,lead
fed981cb-d9a4-44aa-929d-2d8853c4618a,3544af1e-1399-4abd-8667-867d1901ddeb,C018,CUST-48719,2025-11-13 07:31:55,192.56,lead
7db6095b-f054-43e7-b3e1-a2b4cac73934,9eba57ae-7964-4517-b479-f36de309420d,C046,CUST-16899,2024-06-21 14:51:07,0.0,signup
2d34085f-04c9-43c3-8679-3d9a9ac8fe06,4c9db819-0828-47b5-84cd-2fca21329c6a,C014,CUST-00936,2025-08-19 18:42:23,410.33,lead
f381fa8e-df3d-4425-916b-333ef839f898,1c7ca5e1-3015-421b-b830-40f48f79fabe,C041,CUST-41825,2025-07-27 22:24:06,0.0,signup
921dba22-08b3-4ece-b0a2-7bd9bb436f56,ab7f2e7c-7c8b-4d74-a0e4-6e5a4ac8e441,C036,CUST-16172,2024-07-26 18:04:14,0.0,signup
43993856-f3cc-4f7d-a7c8-949c5d547d96,220852a0-7204-4c06-80a0-5fa8ee991cce,C010,CUST-21947,2025-10-28 08:00:49,524.69,purchase
3e5bd324-904a-43dc-ab82-ce307d8f1787,b9ad020d-b891-43c5-b21f-831b3f3bd376,C020,CUST-06738,2025-03-22 11:41:39,593.45,purchase
42a7693d-37df-4167-a299-499676814fce,adc9b4ae-82f2-4889-87dc-818f9051f433,C024,CUST-15334,2024-11-12 13:18:42,451.29,lead
20ca66d1-20e8-4bb0-ac63-6419c59594d6,25b40323-d3af-4944-9cbf-5d3f9a08afb4,C010,CUST-17817,2025-01-15 18:12:52,1208.0,purchase
4fa8eb21-a926-4806-9b58-13a38bdbba0e,2adfa35f-71e6-40ba-82cc-49eedd6ff05b,C011,CUST-30544,2025-09-07 22:49:10,0.0,signup
78a25736-8f0f-456c-b707-b12a384d8d7b,62f387dc-b7a4-4bcc-9ab9-f16605ab16c5,C021,CUST-31246,2025-04-04 17:14:56,0.0,signup
24a73985-caeb-43e0-85bf-1a6a932e1ab1,2ca06bca-a0d2-4a3f-a0a1-96431cb849f8,C002,CUST-22656,2025-10-19 15:27:41,0.0,signup
01a43555-e515-40bc-8761-ab251d55cf47,44a39952-5942-41d9-a9be-6577b830d655,C006,CUST-38598,2025-12-03 04:33:57,1165.83,purchase
9bdc7b05-06f5-49fb-953f-39cfc2b7cc15,5ebc6fb7-e731-4909-a0d8-1c8e3ca49faf,C038,CUST-05834,2024-08-13 01:31:05,714.79,purchase
56722949-128d-4ad8-b1c9-51fa20a5a57c,d52d280c-ddb8-4cbf-a67a-6a1463748c98,C003,CUST-43259,2024-10-18 14:41:31,176.32,lead
bc63346b-b028-4f2c-93b6-46b662749a84,ba6c6f41-5780-4394-8a31-65e2a868a9e0,C006,CUST-12886,2024-02-06 13:34:10,365.62,lead
cc91e788-d88d-4a2e-a9e4-5b71780487cc,9a6eebd2-5c89-411d-96e0-e15e4d8382e5,C019,CUST-14292,2026-02-09 22:52:59,0.0,signup
793e73a8-b30f-4331-8170-55ebe366a109,d3907ab8-3ed1-4f23-ba83-6395262393ef,C014,CUST-42358,2025-07-31 20:08:22,1016.65,purchase
c5e3fe1a-3eaa-4223-8e91-6cd9b1050496,66dbb842-8016-46e1-aab8-13e52fa4b35f,C021,CUST-34266,2024-01-16 05:42:58,236.19,purchase
2e5d14f6-c56a-4864-b75a-566b12c13b54,b7d38b0e-f199-4193-9805-69f4e642d123,C014,CUST-13771,2024-12-04 01:28:18,309.83,lead
8f9a49a3-9640-474b-afe8-f87b3ecfaccb,fc707dca-4f9e-4e00-8787-2b5f1ba6c27f,C020,CUST-28017,2025-12-07 21:04:27,108.09,lead
83da5058-9732-4a8e-98ad-f7a9fda6180b,399f69a2-dac6-4696-b8f6-7734125da8eb,C009,CUST-20230,2025-12-16 23:39:01,0.0,signup
17b6cee4-4aa5-48f5-b03a-14f27a7380a9,619f40e0-e58a-4f5a-9e1b-ff4d095d48d0,C006,CUST-35113,2025-04-06 05:01:33,335.57,lead
ff3d99a7-4b29-47ea-a51e-b5068719e533,710a127f-77f4-47bf-8247-17c289861437,C014,CUST-40475,2026-03-10 04:33:08,1743.54,purchase
4e78536b-a812-4d43-9ced-603e3860d08b,a7909773-d5a7-44b2-a3a0-1b61dc5fbb91,C030,CUST-30360,2024-08-27 21:25:52,0.0,signup
13e11efa-64ea-4bae-9259-ee2946cef1d7,a78b8a18-c895-4c37-be8b-e09e09d04834,C037,CUST-16203,2024-06-08 06:49:43,0.0,signup
634aa5b0-5568-4c77-8a6c-59de87f5ddc4,d7652664-5917-42f3-b4a5-ee8986de40ef,C045,CUST-33543,2024-09-22 00:37:17,400.42,lead
5b122063-5c6f-4388-afc9-67ed6d605917,263dc446-0585-447f-bd74-763f353d9942,C047,CUST-37721,2024-02-02 10:30:24,671.54,purchase
7b118d5a-4b89-463e-99c5-425c7cbcaa00,cb5938d8-d6e7-452a-9d65-999c3f07a7f7,C044,CUST-42412,2025-07-10 11:21:18,0.0,signup
8c257dd3-e967-4398-9ed2-c7ad3986b97e,1005b810-5750-416e-8d27-f9dd78f4c728,C011,CUST-14850,2024-11-07 23:14:13,203.49,lead
0ffcf8b5-3b23-4c0b-b07d-92e25793f10d,04e6ca02-6afc-4b8f-b705-4c37f7f1ad73,C018,CUST-27587,2024-03-06 10:49:33,1007.67,purchase
64bf983b-339b-4a06-847f-7476b1114cdf,739c0bc5-ae64-4f0d-8765-1cb8c615c825,C019,CUST-06354,2025-05-03 02:34:17,0.0,signup
b60f5c4b-e1c3-46ff-94ce-bdb3a71f8f7b,90ef1eb6-cac6-46a2-891c-817c8bf50e80,C016,CUST-07594,2024-07-21 03:46:22,0.0,signup
cccafc50-b021-46d4-9dc7-c7d0490b58dd,9aa1d544-4375-4dbc-bc07-893d2dbb2af7,C002,CUST-13906,2024-02-23 09:09:17,0.0,signup
b741ef56-ec9b-42ef-9dc0-0adc2961ad62,a1f8da83-4bcd-4c96-8527-f17af828cdea,C021,CUST-39123,2024-06-28 18:25:23,0.0,signup
8226a42d-3ee7-4f84-b004-a3047d1c9e8d,21dae3d5-9858-4099-98db-00872ac5cfe7,C013,CUST-12798,2026-01-29 12:59:40,0.0,signup
ea98f418-2172-4aed-be59-d4f82f33beaf,c6c49f69-fe05-4424-9620-133d648d25c6,C019,CUST-24203,2025-10-24 14:49:55,0.0,signup
12aec794-311f-45ef-98b9-1da639e39f6e,259cb5ca-e4aa-4e99-a056-e82189b07278,C009,CUST-43613,2025-04-04 00:27:49,307.67,lead
faafc5a6-54b4-4230-9880-6cf629ee6fa4,e5af4c77-f09a-471c-b77c-ab91b469bf15,C004,CUST-32936,2024-11-23 21:38:39,1215.8,purchase
34928efa-cdb5-4689-81c2-7d71036fb8b6,9841ec2e-9f29-4879-a8cf-e057ae980ff7,C039,CUST-35267,2024-09-15 15:36:00,1564.68,purchase
b3bb620f-bbf6-4c9f-b800-1e0d84445257,cba61acb-cf17-40f2-9025-eda4656949cd,C037,CUST-04007,2024-05-17 20:22:12,365.51,lead
bff30c3e-65f9-4835-9ab6-06756e443c81,4bafad0b-64b7-4b6d-b1b5-28aaea16e714,C031,CUST-46130,2025-08-07 18:19:36,166.76,lead
322fb8d7-8886-4010-af6c-6970c246b528,bfb11c43-4979-47a1-85f0-aece653a44c8,C009,CUST-45514,2024-10-19 22:17:53,0.0,signup
b06e143f-1dd4-4ef1-be31-7f650b359287,96bb67af-0a6a-4201-b6fa-d76b95a25419,C028,CUST-07957,2025-03-19 07:52:12,102.19,lead
909e5630-b565-49ee-a07c-f3ff98207b7f,6a72b746-96a5-4176-94ab-cf19e336d9ce,C031,CUST-40387,2025-02-09 22:07:54,174.88,purchase
71eab19a-5ba8-4c30-b73e-0cbace0e1959,222f1615-bc40-45d7-a288-75ae28057b63,C025,CUST-37092,2025-12-07 12:14:18,0.0,signup
becc6a8b-5ba3-4bf6-9f5f-110723f10e89,9d5d329f-44ea-4931-be80-6453964def3e,C049,CUST-10413,2025-10-11 17:42:00,0.0,signup
c79dd991-b0d2-4156-9cdf-39512514fd5f,13e78834-172e-41eb-9f79-3b4437fbefce,C008,CUST-16544,2024-11-02 09:31:53,436.6,lead
ded2c9b4-a5de-4f91-99a6-eac43b40c771,1b960c8b-f34a-4800-952e-07fdefe47f08,C036,CUST-02175,2025-04-25 13:31:12,0.0,signup
9d7c97e5-9022-4cfb-89b1-4426554cb2c6,f6e489e5-a9aa-4f98-ae59-58e3be352b1a,C033,CUST-30318,2026-02-09 18:28:49,626.01,purchase
fce10918-9694-41a1-a84e-cb0fa40a9237,9429dd06-bfde-4a24-ada0-e26049697358,C041,CUST-09346,2024-10-11 13:37:27,0.0,signup
c2961d70-d260-4d77-8505-dc24e816e5f3,21fdcd07-333a-4d26-99ca-323ea22f1660,C040,CUST-32416,2024-08-28 12:47:32,621.93,purchase
7cd319ff-b4ce-423d-8a89-adffa644c582,936dbcba-6909-4e09-89ae-80d9739ad877,C005,CUST-24252,2025-05-05 02:52:22,334.87,lead
d86cac48-de13-441d-b363-18f6da45919e,6c231033-ef50-413c-a2da-c49dd89e1caa,C007,CUST-31778,2025-07-14 19:05:52,232.62,lead
ca0b3d02-9837-4c4f-96ce-df0a18f344f6,493abb2c-6272-47f6-9dc9-4531219ee640,C037,CUST-01294,2026-01-21 21:59:07,0.0,signup
9c3d9a9a-8fa3-42c8-9bae-510d533648d5,65723c11-ad72-4528-adfd-c1526cf21789,C029,CUST-16482,2024-05-09 13:27:22,0.0,signup
1e139a94-e141-49fd-a072-552c5b08bf93,6d1d52ac-a49c-4752-b963-61eddb62b9f1,C019,CUST-24928,2025-10-16 17:50:13,1929.63,purchase
a6053b51-50dd-4b4b-8e1a-9cc59836a161,507ac750-2eb8-4b9e-a473-5f82d1cab562,C048,CUST-43182,2024-08-24 13:06:56,405.96,lead
c9d46f8e-13ae-4ea0-8c5f-a91611548f11,3b95d951-e3ba-4d6b-8312-ae881ee767f3,C027,CUST-32015,2025-12-10 19:18:02,1335.87,purchase
7a3cc6e2-5bb2-4a89-afd3-7a5fb396000b,6b5c90e4-10ba-4697-8298-02147007331a,C043,CUST-00031,2025-02-13 23:44:28,793.49,purchase
6aedfc03-837d-418e-b019-7d75a940fd30,84c5af36-b8db-4131-9a84-5e213f2d56e1,C042,CUST-42965,2024-08-14 08:10:04,1244.81,purchase
b5f82f13-6ae9-4fd1-8e15-ce597f337bd9,8c474900-fb91-4118-8155-e2382251a629,C029,CUST-18544,2025-04-18 08:02:57,0.0,signup
3125ae8d-1cef-4875-b9b6-6fecf0086cd6,c1a83394-0078-4602-9eb9-63468323a24d,C026,CUST-11114,2025-08-25 05:09:33,0.0,signup
704d5d1d-82b0-4f7e-b79a-1a26400c5354,6fb97151-49a3-4adf-97d2-c3408e431af8,C023,CUST-26748,2025-10-30 17:15:02,0.0,signup
4411dbc5-964e-4af6-8904-8b19d5b457e1,1da40f1a-61fc-4fc0-8103-e12443323422,C007,CUST-47605,2025-02-04 12:17:20,0.0,signup
9656e478-6368-442c-9327-757b201a11e5,df2ece8e-b494-45eb-ba5f-d085381b0bf7,C019,CUST-07756,2024-07-29 13:39:34,0.0,signup
bd81cf50-cd88-4215-b3c9-15c63a871a3b,8c57bdc5-5e21-4a3e-b6dd-a7162cf40631,C040,CUST-03269,2025-02-05 19:40:43,1129.36,purchase
c296389e-bad0-4e51-ba8d-df9dc819c5cf,48c3d0bb-854b-40e2-b582-6ffbe9994dd0,C041,CUST-09120,2025-09-06 09:56:59,71.77,lead
8287eb3f-ba90-44a1-8d38-a7c94e90d0ea,38d63f69-495f-44fe-ae30-a08baeb371a0,C026,CUST-20822,2024-08-25 23:10:31,105.3,lead
7ab2e31f-69dc-435f-ab77-c7c8f0b730ed,b696aad6-8480-47d3-9ba3-4d7c0c87ac7b,C022,CUST-01860,2024-08-31 11:34:27,1172.36,purchase
d4eb79b8-01ee-4b6f-a1bc-f8f22299f449,80e4da3a-8d81-48b5-bb91-d68ec424089a,C031,CUST-23325,2025-03-12 23:30:39,1567.18,purchase
96d22315-cbec-471d-9942-29eb661e722a,b6a17770-1a92-4cfe-9717-23015b3cbdad,C013,CUST-06139,2024-05-06 12:34:44,0.0,signup
a6f9d971-2344-4ebe-90b4-2d477089e1db,8c69c0d9-fbad-4b78-92bf-4a06f049987a,C015,CUST-16825,2025-01-04 04:01:04,0.0,signup
fccdb2a1-7728-4317-b474-30bfe94de9ad,48781b83-d8a1-4739-9bb3-8a18f40aa148,C050,CUST-11567,2026-01-06 20:34:20,27.41,lead
3b62bb7c-9184-4ec9-be1a-56cc45de8ff5,c6505e2c-aef7-4848-8f82-99882f65a88a,C019,CUST-22770,2024-04-04 15:09:44,0.0,signup
6afed98b-a368-4bc0-9870-fc9c49eeed8b,f3fc474e-5569-4322-b3a2-f5e93e7760c7,C021,CUST-08294,2025-09-07 05:52:38,0.0,signup
03c153f1-8e9c-4d14-8f8a-ec33676eba43,f949e224-ef48-450d-aecb-017c3c589267,C027,CUST-33032,2024-04-15 21:12:05,309.02,lead
eafb13c7-1c71-4819-996d-abaa812402a9,1f35e44e-3ebd-440b-93ab-8b09db8ca32b,C003,CUST-16545,2024-12-23 09:39:23,0.0,signup
843621b4-12ce-4fd9-a56e-e29eeeb92990,9ea1de48-4f76-44da-a932-bed4fc1ed586,C022,CUST-22606,2025-05-23 18:23:14,384.99,lead
56e35ab1-c3df-4c0a-8be3-bd988c1e014e,b18022d8-18f6-4608-95ee-e10e7ceed508,C042,CUST-20533,2025-04-07 16:04:58,141.6,lead
9d662b4e-df5c-408e-a8b5-7a6a60b6502d,d3dddf32-f07a-4ab6-80c3-aeedae0a7ef9,C006,CUST-08940,2024-06-23 09:03:07,395.18,purchase
9173813f-2292-4872-b2ac-91fffc0a3915,573e4bfa-d06d-40d1-82bd-f19edaa0fe7c,C005,CUST-16098,2025-12-05 00:24:23,272.02,lead
1edd9f07-102c-4279-8ffa-e6d178e1b9b0,5bf3f906-6536-4468-9abe-6e1d2a7fca34,C036,CUST-20155,2025-12-02 13:00:16,0.0,signup
66dec4d4-0684-4cc3-92c5-3f9ed0cb3a2a,2833bbc2-bff4-491c-8be3-d32db823095f,C002,CUST-04340,2025-07-26 22:42:51,418.32,purchase
fac5490b-647d-4aef-b3f4-310ce65e1e20,7201f17a-6944-423f-9e7d-2550a2b7cdca,C049,CUST-19069,2024-08-02 01:11:43,1585.01,purchase
38f1732e-5ff4-4cdb-8eb9-0035a4230918,20c87e30-fe15-408a-86fd-2c81dfc44dbf,C039,CUST-36645,2026-01-10 05:29:50,0.0,signup
8f3f8ef1-0af8-41c8-b41b-d00cd00854fa,04af6e26-e57e-4885-a123-57203ce2e898,C018,CUST-05846,2025-01-17 03:40:13,239.43,purchase
b3a11b53-3880-4007-803b-208b5019fc8d,d3f295eb-9829-40f0-a20b-b5f24350096b,C011,CUST-03214,2026-01-18 01:35:56,385.48,lead
9f17c4a1-a06e-433d-9c16-af545a632e2f,5fef4560-c1b4-4193-af7b-f81e75b798f6,C020,CUST-16691,2026-01-26 17:55:26,131.47,lead
26c3a79d-20a9-4f42-903b-83b58b75ff6c,4efb7437-bbfb-493f-b78c-25a0945420ef,C031,CUST-38120,2024-02-22 15:04:28,735.45,purchase
96785434-6b11-4725-a197-bb2673a48aba,e6c33c8c-37e1-4df6-a892-5d66fa874c43,C003,CUST-48777,2025-03-27 14:43:03,1749.48,purchase
05525365-759a-46b1-b838-cd3753cd7103,39da605c-fd86-4754-9f94-ef58d26480b8,C004,CUST-19049,2025-03-01 05:57:32,0.0,signup
876cba94-8eb6-4ae9-808b-51fcf7703936,91958c8c-2a68-47db-a113-29f53de10c33,C027,CUST-44752,2026-02-19 04:03:55,442.05,lead
db7d1d71-2c78-425d-8ee4-8e746ee8afb8,c669ea0f-5f1f-4e95-83ae-6680f060d3af,C006,CUST-12744,2024-10-01 08:31:17,0.0,signup
0e344721-110f-490b-ac2f-60e0c47c6737,b747070a-76e8-4224-a05a-a8dccf7d551f,C002,CUST-47075,2025-08-28 17:37:26,116.86,lead
e92a0fb0-e285-443a-85b3-51c07b0e0cf5,d0c3c431-f3b2-448d-b969-0ba439e98dcb,C028,CUST-49214,2024-03-02 09:50:13,1914.45,purchase
2cae2f38-d2a7-416d-8aab-c879e3beb74d,e5f3d4f6-5625-43b6-bee6-5078abe11d02,C014,CUST-46108,2024-05-03 02:55:38,1096.36,purchase
44db781f-7403-46aa-908e-669e5f97393b,858bf1a3-9f7e-47a6-97b9-060198941d61,C034,CUST-09953,2025-03-03 11:28:50,425.32,lead
c5b10075-3876-44ed-ada5-3b153f8ac7bd,aa05a5c5-13c0-4159-85cd-3fcab0773191,C003,CUST-10460,2025-12-26 17:26:06,0.0,signup
497712b7-c68c-441e-b3e3-9336f2d027c8,887cc531-67f0-4c3e-84fd-c5bbf93dad61,C049,CUST-43945,2025-11-01 20:12:15,0.0,signup
864fd03d-9952-45d1-9bf0-ff94feb1264b,5120b5b7-162d-424a-94bf-b93fcb67ef3e,C049,CUST-43592,2024-02-12 17:04:30,82.48,lead
2b89f592-1721-45a4-9192-3b5a655e0575,cc0c1809-0f86-4690-a0a4-0bd62c3e7f7a,C017,CUST-14401,2024-10-02 18:37:52,464.31,lead
f3667044-429e-4d85-983a-662361d2bac7,a53d92f6-31cb-4f4e-ac4f-051dd2178e94,C047,CUST-30233,2025-11-01 06:25:09,260.51,lead
a728a947-9d5c-493c-ba29-9452778ee636,b744cbd1-a671-4042-8a82-1c89c9a7b14b,C047,CUST-44248,2025-12-24 13:20:14,402.79,lead
4808ed26-5705-4379-a87e-19453360508c,d6b11ea8-526c-4dd2-a56e-e9bbe95eb505,C044,CUST-01788,2025-06-12 20:27:03,312.73,purchase
73c7b0e3-9647-41db-927b-7cf845790303,00589c6d-ccc3-4f56-8956-480e94f049d5,C008,CUST-15437,2025-03-22 09:19:44,120.5,lead
503f0bbf-5827-495a-8689-02468bed836a,ee87897f-696d-4b79-a5a0-0e2dc5117d90,C044,CUST-26157,2024-10-23 10:34:09,239.83,lead
5a636686-081d-4b9f-94a1-e3f21083bf31,05f76ad8-c6d2-4cc6-8ccc-8ae209fdb541,C043,CUST-00411,2025-06-05 03:29:00,1596.51,purchase
c13f3560-68bd-47ef-ace3-7462f3efa101,a7f661e7-483d-421b-8c39-cf303aa362d6,C026,CUST-43918,2024-03-31 21:46:59,0.0,signup
563a34cb-d56b-4493-95e1-4419ce0d17e2,37f802d8-e100-49b9-908a-e96b88d7633a,C009,CUST-39856,2025-09-18 20:12:56,1565.76,purchase
c1d27013-197a-4da1-99ea-211b3a0d607e,5fe30bef-c2f6-4e19-af40-2c65d7c0cd45,C031,CUST-27728,2024-03-15 13:08:29,0.0,signup
2db40027-4fa7-4b8c-b6d8-9ac30292309d,182840dd-d81a-42d1-955c-27632016fa02,C009,CUST-43212,2026-02-09 05:41:36,1213.42,purchase
380d7b9f-d243-44f2-a908-076138bbac5e,7cf0bc9a-3154-44e1-b64c-f52932593b85,C015,CUST-44670,2025-01-12 19:34:42,0.0,signup
994ad55b-0790-4bb8-935a-5fde9b1e2b38,928cbb93-b5cf-4403-8abd-e3562fb8a7d0,C045,CUST-19136,2025-10-28 15:00:02,92.41,lead
483ccd7c-bbdb-4630-9370-46a349780984,a2f10ff0-d133-4e6e-b9c6-5e4202a23031,C012,CUST-25605,2025-09-03 03:52:08,489.87,lead
7e7ba933-29e0-4be1-998b-6e6fa6a57e90,39f83355-34ac-49f0-8c1d-24e73cb28e70,C006,CUST-45968,2025-05-24 22:07:51,615.8,purchase
cd0e8a62-b63a-40c2-96b4-7ee514bbf20d,1d2dbd97-4812-41bb-965b-324fcbe13c6f,C007,CUST-01092,2024-09-27 11:42:05,466.93,purchase
1f1c9eb1-edb4-427f-81da-9b3b5b232069,42f4e29b-6bd7-45f0-806e-9d348ba967f6,C008,CUST-46032,2025-05-08 10:09:58,71.95,lead
7053dd3b-3d09-455e-9bac-e582032d24d1,cf4ffa73-68ff-4439-ae91-788bb8258941,C034,CUST-14777,2024-07-22 02:06:23,0.0,signup
a0415850-bf3d-472d-a936-218e7c69eaf6,448b337f-1619-4fbe-b2ed-7b2532203b6e,C044,CUST-41529,2025-12-16 15:25:02,37.65,lead
7f6dd68b-d1be-4522-9ccc-c5b85b806ae4,3191b3f1-0b59-407f-b25b-dac7f386b454,C044,CUST-21023,2024-01-12 19:03:05,22.2,lead
8287f38b-393a-4e2c-b3c7-f21a79b62a01,51fd5e13-93fe-4b28-9537-1e6ce315bf01,C044,CUST-42121,2025-07-31 20:52:41,95.62,lead
20a1ee91-127d-45d6-aaae-e692a2cf190d,8914d452-cacc-4eca-9ca7-c4fb3509ea77,C035,CUST-44230,2025-10-13 02:39:53,0.0,signup
fe88adbd-0f37-42e3-96b5-be5bf5faff0d,7a3c83ff-0aca-416a-a93e-2483ac14b69a,C039,CUST-09073,2024-09-11 08:27:16,0.0,signup
2baf1329-3822-4976-a186-f336240375ee,c18a889f-f15b-4b37-9029-6a0620245325,C017,CUST-40352,2024-03-17 22:55:21,170.0,lead
07d5c2af-c067-4452-afd9-867d36c8f1ae,5c3c95aa-4131-4fbe-b7d2-619ce21148d0,C031,CUST-37770,2025-01-18 16:44:16,53.99,purchase
1669abfe-631a-46c0-8d45-8703273d0295,da3bf3b2-9494-4086-8894-1c9597b4ce4b,C024,CUST-47050,2025-01-25 22:31:33,444.26,purchase
d2cf8928-230a-49b5-8152-2f9adab7d8b6,c20ed3df-ccfc-44b3-b4b4-0388c1a9d174,C037,CUST-34060,2025-07-11 00:04:46,0.0,signup
ff34d5ac-ad2b-4865-9a76-674717086e15,a8dfe202-9731-432b-89e3-4fa88809dc5b,C028,CUST-25166,2026-03-10 17:06:52,1896.33,purchase
b8829496-a34b-47c1-9cf2-9773bfabc66a,2e3ba4bb-9283-450f-8367-83f5048706ff,C009,CUST-19366,2024-06-12 08:33:04,26.23,lead
65147498-64b0-4ffe-aac0-ca2b8600d873,d40a5593-582a-4c9f-a413-e04f5c4b44fa,C006,CUST-11666,2025-08-16 09:21:51,0.0,signup
3402fc07-03aa-433c-ab90-d065179a51bd,3da0ec9e-3e1b-464f-a75a-4533757e3851,C046,CUST-37781,2024-08-02 21:14:00,0.0,signup
2215dec8-a076-42c4-a29f-38c0cba9822f,903a31db-7e62-4dae-983a-2ec81402b3f1,C037,CUST-34154,2024-07-16 03:10:04,352.16,lead
02fdd331-7e64-4cc1-bade-572df77dd5b8,40b39916-2a9e-403c-9dc9-3cf7eb3209dd,C041,CUST-15432,2024-12-07 21:20:17,0.0,signup
891e38d7-8f27-4819-bf05-86d09aa67923,8dc3cc65-47b1-4033-89a1-a0e958b29c29,C042,CUST-35904,2025-12-29 00:40:48,165.6,lead
edbd9e81-5525-4ab8-9423-9b2630a1115a,d3589bc0-a3d5-45b3-beb9-85083bfe11ed,C017,CUST-11956,2026-01-03 14:34:11,8.22,purchase
02f36170-bf49-4c94-8750-926e5edd7a49,6d998b6b-b559-491f-8b3d-4cc2aa09e272,C023,CUST-07334,2025-09-19 09:59:27,475.4,lead
19411d75-85bf-4ac5-ba9c-906e72945924,b3f7bda3-443a-49a8-810c-4fb33b7a158e,C029,CUST-45390,2025-01-11 20:44:20,0.0,signup
be74a20b-0217-4c40-ba64-b74d029c940c,d03d6b8d-9287-4386-824a-4a37421e8209,C034,CUST-44470,2025-09-22 13:59:12,0.0,signup
0e7d9913-2371-4d52-a34b-ed141d374249,664edefd-7e66-4bd2-b6b1-7cfd6af93fe7,C036,CUST-20197,2025-01-26 06:55:58,0.0,signup
a7cbd416-6d18-4012-a51f-652c67fa9755,c18bb375-08de-4d92-a776-2b73388b45ac,C036,CUST-32198,2025-07-04 14:10:47,12.81,purchase
1b878f2a-5179-4d01-9f9c-ccf363fd9381,f58b44a6-d649-400f-9479-aa8f6b195c8e,C045,CUST-17762,2024-07-03 04:51:28,0.0,signup
507a19c5-5af4-4105-9c53-67cbc988e6c8,15576e5f-5a2d-4ba1-aca4-e774d0fe3fac,C029,CUST-06872,2025-02-13 05:04:04,427.74,lead
afa6c764-767f-46cd-b02a-9bef5a98c564,1c9911fb-6dbf-4dea-8b92-4ffe30d49aac,C041,CUST-30556,2024-08-20 04:52:26,1358.65,purchase
80998d5f-2869-4930-94a1-712fa00d5b65,38f53d79-b8e8-4777-9353-91b5008c7a50,C044,CUST-11146,2025-07-07 11:21:19,325.86,lead
7b6aac7b-54bc-443f-80de-dcf9e193a654,96f58a9b-970f-45fb-84f8-ea03b3b5f68b,C007,CUST-29902,2026-03-11 00:58:55,306.15,lead
671dcba9-fbf1-43b8-9b03-dafd80be5f6c,77b7bb1d-3948-441b-8713-808ad7aa40ba,C031,CUST-08779,2024-12-11 11:33:34,0.0,signup
b73bcf41-906e-4c59-b9b6-13e2e5762d1c,752f0e9d-77ae-478b-be4a-7f5e40c5ed85,C017,CUST-49035,2026-01-14 04:35:56,469.1,lead
95cec9b1-b242-41b4-adc9-2de9b50ee9a8,d85f1267-0c63-4ca9-bafa-c70a14132ad8,C045,CUST-34710,2024-08-08 08:57:03,37.22,lead
46512c0f-4690-4a4b-b172-f6826d8ba774,ab8ab0eb-4fcf-405e-91a8-b01fa062041d,C008,CUST-13685,2025-05-18 12:05:49,1383.82,purchase
cde3af44-ceee-4961-a43c-0021cb761689,27a10d51-0abd-48da-8e47-e88701ed2b2d,C043,CUST-06936,2026-03-01 08:10:45,1281.61,purchase
6cca6c27-1a6d-4f0f-bf0c-a7c11500e005,1b35965a-9551-4119-89cd-37285712e475,C005,CUST-08601,2025-03-06 19:20:53,114.31,purchase
b5e39257-ba54-490f-a42c-85e1b8013202,6ec219e2-5e72-4856-bc99-28a41b61dccb,C014,CUST-09843,2024-09-14 03:37:09,0.0,signup
77c328b7-23e3-4ff7-8871-50a0fbc04a4d,6c8e2f9a-575b-4cc6-aa06-46fb39b17cdb,C049,CUST-11294,2026-02-11 00:05:08,0.0,signup
5d5f9a06-592b-48ec-a3fb-eae98b7f6bdd,5442041d-015f-45f8-a98b-65f7a6ede55a,C029,CUST-29364,2025-11-30 18:31:33,0.0,signup
953662f2-d705-44d8-b692-8aa954029ec9,0741bf2e-ead1-4365-908c-2729bd74d9fc,C041,CUST-07499,2025-07-10 12:27:40,0.0,signup
775a39cb-ae8f-4261-b37a-7e5687dfbd8d,8d02b6ce-6792-4d23-be7d-2be10be83125,C015,CUST-14065,2025-02-23 12:47:02,1288.97,purchase
aa5dece0-e67b-4a64-8a47-0a4656cee712,aecb3c36-3507-4a23-be28-c0bf895a98a0,C005,CUST-32367,2024-08-30 12:07:53,0.0,signup
7740a24f-3c6e-4c2e-a244-488673073aec,57ecb06e-4ab2-468c-aabc-8226aeb59d5b,C042,CUST-42942,2024-10-26 02:53:47,1405.38,purchase
e64d640a-66c3-46f4-a369-c119e13db1aa,d4f51104-16c5-4896-8f39-92087175c738,C050,CUST-11842,2025-06-26 22:57:51,0.0,signup
d31430ef-1dfb-4232-84d8-141337a6cf45,9d167cbc-f60c-40bf-9040-de3621ee0454,C035,CUST-06782,2024-10-20 13:51:44,0.0,signup
711fd94c-cc5c-4ee6-a16f-98084672f83d,ed11f9e4-48bc-4078-8414-e7960798c6db,C034,CUST-28143,2024-01-04 14:31:01,311.5,lead
5bee12ee-99a9-46d9-9cc8-c742da23d832,5f81a50d-bed1-4902-945f-3d58e69e2de7,C007,CUST-11422,2025-11-05 11:08:20,980.76,purchase
cc510777-91d8-4925-9fa5-9f0770ae1650,4d0c24ec-2b00-4370-b5bf-42c1d90ba380,C026,CUST-27388,2025-08-20 11:47:42,1707.29,purchase
51bdfac1-7702-4310-ac5d-9b888feed983,b2a1dea3-9e8d-4fdf-add0-2bad43463c78,C031,CUST-14031,2025-10-02 11:53:48,0.0,signup
d17e80f3-4b5c-452b-b55b-7738749c284f,46c1dbd7-53a7-4f25-b2e9-c90b90e5be2d,C038,CUST-37822,2024-02-13 22:44:15,88.54,lead
af907b0b-bd10-4f7e-a08b-07d00823420c,ccc2e8b2-c744-4367-bc47-1301402496a5,C026,CUST-40801,2024-10-14 16:29:34,0.0,signup
26c2b7dc-2974-4255-95c7-6d5ac44769c1,29aafbdf-eb91-41fd-9cd8-cf0d2db67e99,C015,CUST-22968,2024-11-30 06:50:52,132.54,purchase
35697260-aa5c-4158-94d2-1fd8c458ce98,20cb977b-8cf6-41f2-b783-59d6264194e4,C028,CUST-11214,2025-06-15 07:07:08,163.08,lead
7903deac-44fa-4279-82a8-5034ebd5d69b,f013f683-a923-46fc-92cd-ad203c2f4d1d,C046,CUST-39208,2025-06-25 11:38:14,448.09,lead
bb82b2e6-a19c-49af-8261-f213578be716,a49d431e-283e-4803-a2e7-5f4df997c2bc,C002,CUST-37148,2024-07-08 05:54:30,0.0,signup
31a5af8c-a7fa-45da-8d2c-238521a921f6,71af8568-94bf-4c54-bb9e-8d56a551de59,C006,CUST-04921,2025-01-31 09:56:28,0.0,signup
68287b81-8057-40e7-a8ae-742f5013d4d9,b9865aab-e088-4cca-90ae-cee4e7989d2f,C007,CUST-23887,2025-12-18 17:34:15,0.0,signup
b9972828-36ce-458f-92d6-fdc87ef348b9,f0e28934-6b4a-4194-850f-b263fbcb8209,C038,CUST-28023,2025-05-07 17:19:04,0.0,signup
b9a23d51-a676-4da1-9885-4779dcfe32e7,2e65163a-0bc9-47a2-a3d3-2ad7d1493fd4,C003,CUST-49863,2025-03-29 18:09:54,489.54,lead
40357bc2-cd3a-4b57-a933-ed1bb15cad46,86ec8986-9499-4f3c-a94a-f307886cf2fa,C035,CUST-11494,2026-03-03 13:11:16,0.0,signup
7840a572-3bd4-40ac-bf56-5c0f071afe08,0b74fb97-eaec-4744-9afc-24a25ca9bfa9,C026,CUST-19144,2024-02-06 16:48:11,0.0,signup
8b7abe5b-7e87-4a2a-89f1-3178c6a4483b,65c1a69e-d7f0-4654-b27c-b06313e1d0a2,C043,CUST-35613,2024-12-29 09:06:52,0.0,signup
b66f5181-ed39-4804-884d-07acfb5b90a4,f5403483-7d3f-40f1-937f-a9ead87825e4,C012,CUST-32618,2024-09-07 18:09:17,0.0,signup
470af262-9475-4453-9f88-7b1c302df7c4,53f50893-f1cf-4940-8416-0abc04ac6323,C034,CUST-38244,2025-07-21 00:10:26,161.63,lead
800d7c4f-40f2-4bc4-83a6-54e96c533f62,7bfa4a48-9a30-472b-ba2e-6d98a37e14f7,C033,CUST-32550,2024-01-24 13:51:46,2.24,lead
77067707-6190-4fb1-865e-e4bf622cdea0,70d3d361-4a8e-4e3d-8cc7-68557ddeb179,C007,CUST-07708,2024-12-30 15:27:19,0.0,signup
40dab23d-d5ff-4156-ac7f-0e60c2393f1a,6268cf98-f1b6-4625-8ad0-b3932ad930bd,C002,CUST-23944,2026-03-14 06:01:21,0.0,signup
86f4b1cb-3c12-4b13-8ef5-927e1b927d94,7d19bc4c-0342-4539-8a98-b69a579bdfc9,C044,CUST-30407,2025-05-15 13:49:36,387.05,lead
f477d474-dd9e-4ed0-b0da-b4e7951cfe77,8131133d-1f42-48d9-b798-0fbd0fee2f6d,C010,CUST-27103,2026-01-11 04:55:33,0.0,signup
681da0e5-5f81-457c-97ca-02a21332f433,e5c697dc-7b3a-445b-bd3f-0a18197d6441,C009,CUST-04367,2024-11-16 12:56:50,0.0,signup
712f4435-1dde-497e-aa68-82ad8499f3f6,84a31ea2-d9a3-4c80-814e-7b061cfffb91,C007,CUST-38398,2024-01-14 03:28:20,629.47,purchase
6272b365-4270-4ceb-9685-1ae745dc8c5e,25c486c2-4047-4a23-95fc-95d587d44dff,C011,CUST-09002,2024-10-07 09:51:34,0.0,signup
6525a5a2-f047-45d5-8d66-b37777505540,6a91f49e-aa05-4dbc-ad86-fd454e722637,C020,CUST-32970,2024-11-15 18:01:22,624.26,purchase
0eb16119-ef13-486b-97a9-dc019ccb7506,53544f91-2b17-4227-8960-19d4908f2bd5,C046,CUST-10859,2024-02-22 11:56:36,0.0,signup
75f8e958-a13c-40fb-9ad8-26ade460b881,3a32b61a-0634-4138-83f7-2c80a2bff39f,C005,CUST-24767,2024-12-22 17:41:41,0.0,signup
94ea0e6a-7a29-4125-a9fc-9392971b791f,09474200-a65e-4691-8462-bbd76dc4dcfc,C034,CUST-40458,2024-09-24 09:47:13,1696.92,purchase
a5374fe9-8f8f-4a5d-85cb-c8fc9e97abab,ecfa0670-5d51-44ba-ad20-65709aa619c4,C003,CUST-35748,2025-09-28 20:18:33,0.0,signup
37889a60-d4e3-48f5-9206-fcd46118cc35,ee554af2-3c18-409f-900d-490a0cb8761b,C001,CUST-45131,2024-03-14 05:56:04,0.0,signup
97a07ea7-b0dd-41ce-bb82-e6828560be83,d9fbda42-654a-4421-a01c-3efce059d30b,C013,CUST-00441,2024-06-04 00:31:20,194.87,lead
816b2841-6551-466f-a2ce-5711104635b4,26e9e2b7-01b3-488f-91f9-16c3c18680bd,C027,CUST-33242,2025-10-17 19:20:22,185.64,lead
ae539263-1c17-4e34-905a-2cb68068b75a,965daab1-a55a-4145-8499-9ebb6e394418,C048,CUST-46926,2025-04-01 12:42:24,837.97,purchase
2f9810f7-80e8-4bd4-8005-1f1daf9233dd,b52a2b9c-adcc-4df9-a558-87dddecd3a4c,C030,CUST-30454,2025-08-21 16:15:14,1718.55,purchase
a82b6dfe-e189-4d1e-9f32-da0f15290753,822603ff-3f32-4340-8582-da5afc447ab8,C028,CUST-41265,2024-12-05 15:19:13,60.07,purchase
5904e949-fd37-4d1c-bf49-9badbd39d61a,0b785c7d-f050-44b6-9f23-3241c6befeee,C039,CUST-40275,2024-04-08 21:15:55,672.59,purchase
8d602e60-4b8d-47c3-bd2f-97c49eb36420,aa9fb77b-efe0-4382-a359-4cf620c07a8e,C050,CUST-07203,2025-04-09 23:49:51,1124.35,purchase
cd4c0b5a-c8ad-4244-889e-46a2e896d52e,8d2735fc-e32f-4478-ae34-7478767cf0a4,C035,CUST-11440,2025-10-19 22:08:18,360.69,lead
865df76a-b13b-42fe-ab0b-528e4787b725,4fc934bf-abfb-479d-927d-28c4815962c3,C031,CUST-17397,2025-09-01 19:31:11,0.0,signup
d24c3efe-1b2a-4ecb-bcd3-1bd7c83b255c,fd811183-091c-49a8-98f7-614997aab8bf,C009,CUST-08810,2024-01-17 00:39:48,0.0,signup
35ab66b7-6c14-425f-bf92-fe3c45911f63,49297a99-e62e-42e3-881b-edf414c87142,C004,CUST-15957,2026-01-31 23:39:13,47.96,lead
1fe45849-36b1-4df1-9d4d-c227b16ad05e,f3e1fa09-7998-4977-b89c-ba8eba73b73c,C035,CUST-19245,2024-07-07 05:22:15,0.0,signup
d7b8676c-4682-4878-b140-85dc6713a45a,7e089230-097b-48e5-8c1b-859dead4a2e3,C012,CUST-17273,2024-07-27 00:41:33,0.0,signup
169284df-66d3-490d-b8d0-f9922f17c5f4,41ff0526-e995-4ce5-b0d7-c0c0e6810b5d,C031,CUST-41291,2024-09-04 20:24:07,0.0,signup
c7a2d8d8-7ffb-4cce-a6f9-acdc81b8b2a8,8176afea-75ec-4ae5-aa95-1c23e5d19e93,C003,CUST-43934,2025-05-01 16:55:14,1347.49,purchase
e86847d4-cd26-423a-b615-6bd8734dac92,573f3f37-c426-45eb-8e20-98b49f1ea14e,C043,CUST-21549,2025-09-11 15:00:16,0.0,signup
12058ba3-15dd-4e0a-8d56-e3e5fdee89b5,dae87a21-ba17-4c15-a852-47846057abc6,C049,CUST-49401,2026-02-06 11:25:49,120.2,lead
5fb27569-d893-4787-ab06-39ab33b6bb35,6d5d25c7-f667-43c1-99bb-4b6afc1c5ecb,C034,CUST-35795,2025-10-23 22:00:38,1795.64,purchase
e59049d9-f431-4d73-aa82-0bdaf14a67f0,6881c498-ea83-4b0c-81ca-8dc6e295df05,C015,CUST-14880,2025-12-31 12:58:30,431.85,lead
d634f054-aa80-4a33-b7b0-49b916b16065,e20ff36b-68f1-43fa-8d94-49cdddcc3e32,C029,CUST-19222,2025-01-16 16:13:42,313.66,lead
8c81c5c3-cc63-4e6e-9084-eb39c431a7a3,c41fc6e4-a09a-468e-9881-edc72fcb1194,C035,CUST-39515,2024-02-18 05:28:47,421.67,lead
8d6122bd-48a6-41d5-9aab-abb2c305b975,d81a151f-87e2-44fd-a285-89fc3cd7d045,C038,CUST-04361,2024-04-13 11:35:52,173.72,lead
e692e20f-7921-4987-9590-d6912a83cb67,7604d781-5b02-4dcd-a801-b98a2896e945,C037,CUST-22819,2026-02-13 23:27:17,300.02,lead
4a05029d-8456-471a-86cf-9968135a77e7,0a750a99-9b38-4f65-ab01-19607cdec885,C037,CUST-22266,2024-01-30 11:31:35,1102.5,purchase
5f1a9eb5-5c23-470b-918e-e4e259a4280b,ace173e4-ca7b-4a7a-8ff9-fa5f92c93cb7,C001,CUST-31031,2025-01-25 19:45:15,160.85,lead
cba889aa-31f4-4c36-9188-2788bef07fe9,fb1c1dfb-6f6a-44ad-9e62-337491f88cb9,C024,CUST-08504,2025-04-24 16:08:31,346.5,lead
c7ae4803-8fb4-426e-85be-1008992301c4,65034c79-19e9-4a7b-8469-2e975e186c4d,C026,CUST-04309,2026-03-10 17:24:21,995.6,purchase
f891382a-203b-45e0-b2a2-d1cc0352eb0d,037d8472-9cd0-47e0-a7f9-6ffb08a0599c,C046,CUST-19788,2024-04-20 12:26:29,0.0,signup
d1fb0f42-6d75-4bc4-9421-94aa1361f3c1,4abf8a0a-159c-44a5-9ced-6fcb1c8c797b,C019,CUST-16347,2025-10-02 03:42:53,163.72,purchase
ff3a6877-84ba-45f2-ae7c-1b3314c687dd,3dde670c-d9cf-470b-94e3-3bc027a6985c,C018,CUST-39796,2026-01-15 12:31:09,423.85,purchase
206d0217-7dab-4bef-80a1-e4fbb6f23184,c9276f00-4075-4f75-861d-0eac2910d745,C008,CUST-01669,2025-08-10 07:34:56,305.08,lead
7140f7af-1df7-4cb6-b5cd-2e0d01a2e4dc,2b96fbd4-1803-4622-8f1d-0e5e298fb5f8,C035,CUST-06312,2024-04-22 12:27:32,0.0,signup
6c8eb7e9-435e-42dd-8584-98636bc403e3,72c58ce5-bc02-4bc2-bfaa-ceb05f5abbb2,C025,CUST-43874,2024-05-10 00:55:34,0.0,signup
c14f9000-6676-400c-94f6-ec376824bdf6,374c252e-5c54-459e-ba03-0a1f75388274,C005,CUST-44077,2024-12-21 23:32:03,375.96,lead
01c1f7cc-4543-4224-848d-49789562cda8,9cfb2f92-0419-4621-8aaf-cdf1ee3d1be0,C027,CUST-41623,2024-06-10 12:52:33,327.2,lead
d9a60e0b-82b4-4564-a173-b2a716d80c53,40fcd557-cd5c-430b-97cb-c3282f6e6645,C035,CUST-42523,2024-11-21 04:32:41,60.86,purchase
1356b9e5-c3fb-4d0c-88fc-8fdf94b66cce,654d0c5c-2faa-4070-bc91-c39df585e1e6,C020,CUST-46194,2025-06-10 18:43:44,245.38,lead
1c7d3da0-d339-4b8d-af14-21a5b878d56a,d6ab0a49-250d-4530-ad16-5071fc81749f,C036,CUST-34068,2025-05-18 14:11:06,0.0,signup
993a4206-5e56-4479-a1b1-c9e631260fc1,f1f7b80f-9ffb-45a8-98e6-bc329d19b064,C035,CUST-44066,2024-06-10 13:44:04,0.0,signup
6694f149-4f11-49c6-b3a1-c1bcd820371c,453c2deb-cea1-4075-95da-3c48ecb610ca,C017,CUST-39350,2025-06-08 02:54:37,182.58,purchase
f3f4c102-1845-4512-9175-f70af377602d,739c78e7-8a32-48f2-9821-89ded04ccbca,C006,CUST-46930,2026-03-03 14:09:07,38.31,purchase
56de060a-70f2-4c33-b201-24148ea2e2e2,7ebd27bb-a45c-4fc0-bb99-20fe5b1d9eca,C026,CUST-33353,2025-02-22 20:25:11,1753.45,purchase
ec15d264-78c1-4d9c-8d69-5f84a8d6f2f6,44f6c55f-502f-4304-a9a9-7f6b7e53afc2,C001,CUST-12254,2024-02-04 10:59:40,463.11,lead
a19b8e32-89f7-48ed-9397-2efd5fea9048,8b137582-6751-46e3-98c2-8bb59e71872d,C038,CUST-26678,2024-08-10 00:57:57,0.0,signup
f85498f9-a25e-40e0-8e40-b57cd0e3e280,dc918af5-87aa-4aab-b675-18ee0874159b,C018,CUST-37374,2024-02-17 05:03:04,0.0,signup
fd1838ad-02b8-4589-a5ae-dde9b67f01ea,dd378fdf-a295-4bee-b9c9-7be1192f8682,C028,CUST-35861,2025-07-31 08:40:06,652.24,purchase
14e4d115-fbda-4625-8009-56737213802d,758ba58f-59e2-407e-9f6a-c550856be946,C036,CUST-02283,2024-08-12 07:02:53,0.0,signup
2c8dbdc0-b40a-4026-b788-f47044e90d74,a761c813-3a33-4920-ba2d-6bf8dd33b0f4,C005,CUST-07828,2024-08-23 22:18:42,1214.4,purchase
60ed3d20-5388-4960-96c2-3bbc6ccbbcbb,03049618-75b4-4eb0-a301-e763f731ee1a,C006,CUST-37603,2024-11-17 15:15:00,0.0,signup
36a091f4-a620-4078-9bea-e187d0176cd3,06e1a494-6307-4b69-9406-18fe7b089969,C030,CUST-24227,2024-09-16 22:36:43,0.0,signup
957efd8e-8a9a-45b0-af39-bcf21e911275,06e50e0a-dab9-4c74-92f2-682bacadf4d1,C024,CUST-00146,2024-09-08 12:16:39,497.65,lead
a743086b-11a6-4301-96c5-2a0f18df6810,387cb8cd-eb78-414f-8bd6-c8666900ad8c,C025,CUST-43082,2025-07-20 07:56:24,200.96,lead
ce2fd9c9-bcde-426a-9a57-7742c196cf5f,5f58d4cd-7a86-4341-9b87-5d79f003a162,C013,CUST-43937,2024-10-10 19:27:10,137.8,lead
8625bfc1-5531-49a4-bc8f-a81c0c722b58,5addd5f3-f557-4856-8aae-92e2303c2435,C032,CUST-13845,2024-06-27 02:25:22,347.81,purchase
94e6b2b7-e35b-4157-93c1-d421ea09fe55,f624f7e9-be22-4c31-9fb1-8d1d352866a3,C003,CUST-35519,2025-09-15 19:46:04,102.49,lead
3a8ea443-a388-447f-8a29-9d8aa8f598b2,73e81c6e-ae41-46ea-86c6-f7f38e803491,C030,CUST-39384,2024-11-12 06:35:27,0.0,signup
26e22055-d938-4372-87ad-33848c294263,6295167f-baa4-42c7-86fc-3018f05070f3,C043,CUST-38534,2025-10-20 02:27:23,484.7,lead
aeb23ec4-8966-47c0-bfb0-d97fbdffe284,96beae1e-ee1c-40f6-ae89-6080708cfda9,C027,CUST-31745,2024-12-03 21:30:36,30.79,lead
ac01b54b-cfaa-4fab-8882-8ddd0d626cfa,a1ac0b62-b719-4868-9f30-e51fba36964c,C035,CUST-26820,2025-09-28 11:16:49,423.27,lead
dc46ed17-4a3f-487b-8058-19e460273ca8,008d72d3-0505-463d-9539-9860ccea89f6,C036,CUST-08944,2024-10-20 09:19:09,419.4,lead
d904c543-75df-49e6-b887-b974446a6329,4b998a39-2cbf-4639-98c0-8c542eb65e14,C047,CUST-07237,2025-06-12 13:25:35,0.0,signup
614c9cb2-1f1a-4349-bc4b-4a638dbc963c,7cceb835-51b9-431c-b90b-0bda74870b8c,C002,CUST-36920,2025-04-20 16:57:32,445.58,lead
cf3b3232-8319-4fec-9b68-ce007201a331,0d1ae3f7-3c38-44b7-b61d-95f4fd6fe07e,C041,CUST-39193,2024-12-26 16:13:49,0.0,signup
0fc321f3-2595-4f70-aab3-19108a4644d7,b0714ea0-bab4-4e09-942c-fd6b86dbc36c,C034,CUST-01367,2026-03-05 20:07:00,89.05,lead
47b90603-60bc-4a6a-92e0-00a078b51d66,06dcef1d-6427-46ce-b69c-e9d5bee4573a,C047,CUST-27835,2025-11-15 19:31:39,26.48,purchase
a368359f-b286-4f0c-b060-bbb3f085e641,20655e9c-f12f-4f4b-afde-bc5438a0a99d,C015,CUST-46639,2024-08-30 02:00:14,0.0,signup
94cbebd7-5fde-4195-9726-dfa35add5b31,ab6199fc-8cba-4ad0-af9d-56a00225952d,C036,CUST-05044,2025-09-09 18:36:34,59.12,purchase
72d0ee8f-d548-4554-bc89-d5cb587f07af,3ee0c516-f32a-4346-8e88-d411626b8433,C039,CUST-40889,2024-08-08 15:09:14,0.0,signup
561fb948-e085-4959-a254-fec812bec472,27a1b99d-59c4-4b3a-b7af-3dfb2ff1c103,C026,CUST-38428,2024-09-30 20:08:53,54.84,lead
6ae8771f-61bf-4697-8165-14d2a341d008,8978f677-ece7-452a-9693-1aefea0f0bf8,C037,CUST-30759,2025-03-18 19:25:29,130.46,lead
0c220776-c54e-4443-984b-8ea50ba1825b,c86079aa-e1b6-40dd-ae17-17ef49a097e5,C035,CUST-17129,2025-06-05 21:12:28,173.04,lead
224cdc41-f76f-4800-b2d6-c9034911f20b,8d84e21e-c38f-4ddf-9f82-b42e071c2420,C017,CUST-41601,2025-02-06 02:14:11,0.0,signup
716a278f-6847-4115-9db6-dc29aebaf5a5,783791d8-2d2d-40a7-9604-3d729fa81f2d,C022,CUST-13136,2025-03-01 22:05:37,0.0,signup
f3c453e4-cd3e-4676-b283-5884bfe75a6a,3f3a7676-e244-4dd7-b1f2-7f5ed4170884,C047,CUST-23497,2026-02-28 13:30:28,347.5,lead
ca384d9d-b6be-498c-8966-5a24c835677b,5a1cd720-2bbf-4ba5-aa0b-e4bbc4111274,C006,CUST-17602,2025-05-08 11:03:58,42.51,lead
551d8a4f-adb4-46e5-935e-f6059d77d836,ae3838fb-cc57-4d30-8b75-8d1a7e594c16,C018,CUST-47998,2025-10-25 03:34:08,236.78,lead
37a2422e-7497-4869-b3d4-35ae328c505a,48bbaba9-a2ef-4512-9262-da5cd5f71563,C032,CUST-46317,2025-12-02 11:47:35,0.0,signup
5c6c6973-1ae5-4a6e-b941-47038d22cf92,dae198ad-a8d8-43f7-a7df-bc0e8928f736,C015,CUST-00179,2024-05-07 16:35:05,257.93,lead
fa686148-d480-4ced-b649-ba3b5b3659c1,c5e1296f-dec4-4c7c-99b5-f543c3510f58,C010,CUST-41280,2026-03-10 14:32:00,427.53,lead
51e3257b-5e50-4b32-b5bd-0dab717e6b7c,6ae6e184-b6bd-4e88-ab55-5d1ba4e9d888,C016,CUST-44615,2024-11-16 03:43:56,1443.11,purchase
07941995-fa00-4543-839d-b1ff06ffa597,622010ee-3082-4e52-8449-a1086e6f867d,C006,CUST-15313,2024-01-25 15:33:39,162.9,lead
2cc2dc79-8d47-40d8-afdc-e9721b044681,71eb1826-c1ac-4b17-a889-dca2a1ae3f62,C042,CUST-43811,2025-04-27 20:47:40,408.06,purchase
67a27634-5063-44f2-b950-1a218af457cd,ca6474e7-cc08-49cc-bb9c-f930086e5f78,C029,CUST-17430,2025-10-25 07:09:50,554.59,purchase
33dd9847-47de-4e3b-9d00-a70ca2af565d,f302a60a-d8df-4c5f-a865-1b707df89752,C011,CUST-41255,2025-08-16 09:57:04,1339.98,purchase
93199ea7-f715-45ef-9dbd-b3a843934121,c329d1f7-5ced-4a1b-9bce-258203e2ac0c,C020,CUST-49706,2024-04-07 23:47:55,981.9,purchase
39d635b3-b564-4934-94b6-50fb89dbc072,dd467c27-24c4-477e-8f7b-604b734b8af1,C041,CUST-31796,2024-08-27 09:50:05,0.0,signup
b3e5737c-0229-4f38-86a1-f6d4a1d03cb1,9059b0f0-f119-437c-a055-2e862126070c,C030,CUST-15728,2024-12-21 16:22:52,254.95,lead
9e780196-919d-4803-ad3a-690e0f3a5b86,8157874a-26b1-4efc-b26c-03b6133dfab8,C035,CUST-49773,2024-07-27 06:42:08,20.47,lead
3b07a67f-05bd-4cbf-ac74-830ce4013076,4907acac-13d4-41de-bab2-c39b17302249,C020,CUST-33599,2025-07-16 16:10:18,1351.76,purchase
2592eff4-d423-45a5-a3b6-4f9f711d858e,ebe757d7-76d7-4129-acfe-e774d4cb3094,C019,CUST-11284,2025-06-26 21:27:08,25.26,lead
fe7378c7-6f0c-49c1-8209-9544947f9041,2b9e0beb-7e07-4c67-bc02-51d81d87de56,C044,CUST-33259,2025-09-25 06:52:54,1758.98,purchase
dee6c8fa-fab2-4db2-afde-463707e26424,8fe3717b-b71f-4cab-ab26-68f87dcde763,C042,CUST-20005,2024-08-16 08:58:28,146.87,lead
cb409472-f3c3-40ca-824a-9d3577b13bd3,3c3808fc-c1a7-4801-bf48-554760a17bd8,C020,CUST-46944,2025-05-10 02:39:53,0.0,signup
ac6e5879-e351-445f-b084-2201c45ade23,55e5edef-8043-46f7-bed2-6477a09352d3,C001,CUST-07355,2025-10-16 23:21:27,0.0,signup
77171b44-730b-403d-be64-0ff5ea789987,6995f735-b918-4deb-8de1-6ef3665b900e,C022,CUST-33745,2024-06-27 16:07:44,833.69,purchase
ea886c9b-bcac-42a9-9064-2db8f5f9864d,38419ba7-55a8-4657-9d5d-4facf0ebc1b3,C039,CUST-16739,2025-09-11 02:26:50,0.0,signup
0c1a45e2-a21e-4f93-919a-5ccc929d726a,c26d05ee-7229-4b44-bf93-bbe6afb8db50,C030,CUST-31183,2025-03-05 11:12:45,1603.42,purchase
034ea510-e878-4d41-8532-f491c82cd1de,a72bf05e-6069-46ad-af1d-abd657a35e18,C022,CUST-09256,2025-08-10 04:45:50,0.0,signup
83ec2e46-e991-4cc5-a4f2-c886b430c60c,12dbf863-9a25-4722-abe7-9b037d0154ce,C011,CUST-40774,2024-05-07 10:39:20,34.65,purchase
9b46dc50-50a0-4aa6-ac7a-8eba40b36bdc,8279532e-3101-4e5d-ae25-9ba6b78070b0,C017,CUST-41419,2024-12-26 11:19:27,147.33,lead
8c2560a3-27de-41a3-af1d-abc5efdf10e8,051981e3-c123-4207-9e4e-02456a2c23e2,C017,CUST-08724,2024-06-30 02:17:05,999.63,purchase
13e55930-9a38-418f-98f8-fbe73cb12a06,4ae736db-f48a-4044-8e35-45f25ca1a4af,C029,CUST-46302,2024-12-03 14:53:25,400.36,lead
d518d880-4b48-419c-963a-bae011ffa9a3,98e7233e-8172-46a4-b5d3-20f3c7a97887,C023,CUST-42827,2024-01-31 16:26:59,392.63,lead
32412b3a-f5e8-47ef-b979-bed35afd1607,48fa329d-d39c-4cb8-bff4-bf5e7f4a7938,C027,CUST-15635,2026-01-10 16:53:14,0.0,signup
742e2d79-a7cd-4012-9e30-478848f1ce1d,96de0689-2573-48e5-b433-6de4ad150378,C040,CUST-44301,2024-12-23 08:34:16,518.6,purchase
35207238-7177-44c9-9979-d066f81e5cb6,32b40d9f-aa2e-4dd4-8745-2d1e37d40e75,C044,CUST-14691,2025-11-25 23:45:25,0.0,signup
6503260f-8c28-46e4-aeb6-47bdf2da2d99,73c30ac3-0f8a-4c21-9484-63fc51c1743b,C004,CUST-48422,2025-09-11 14:36:58,0.0,signup
0dd8ccf1-1074-4c59-b576-0ec7211e1cc6,a9b30771-9555-4d71-9612-9b6163692a99,C048,CUST-37616,2025-11-27 19:01:58,0.0,signup
873584bd-c7da-4f19-9db7-1b751f81c3e7,e9c96ccf-50dd-46f2-8913-e9e64c21f2c5,C027,CUST-46348,2025-10-08 06:42:40,998.54,purchase
c93aef87-c02c-4f3d-bdc6-77caf0612735,6eaf8107-0e63-4aea-a428-62ebc59dcd5d,C028,CUST-14613,2025-12-05 12:01:26,0.0,signup
e4d95fcc-2bd6-4dbb-b2b9-38f9fb98682f,747ccbca-81a7-4cc9-91eb-04c6b2e8ff90,C004,CUST-34116,2025-03-17 14:10:32,819.97,purchase
ae54cd0e-9cdc-465c-8918-b03044cce9f3,ba6086ac-2345-498b-91a1-befc0845464c,C002,CUST-10702,2024-05-19 17:32:33,167.99,purchase
39b3ef38-e1f4-40d5-8f69-0d71dd359771,9574f766-db1f-443c-819a-4e57c5d97b75,C006,CUST-21934,2025-05-13 11:54:39,477.99,lead
9cb8e4ee-3fde-45d2-821e-c19351e70c5a,a754e39b-609c-4563-896f-0bfb0a11f497,C011,CUST-45147,2024-06-17 01:19:10,209.23,lead
3c3a5bd1-ea60-40f4-b7a1-039e0665d2ea,b5d06f5d-d554-4fc5-ba55-f963984ca147,C049,CUST-24119,2025-09-27 10:17:18,0.0,signup
f0ef9045-2392-46ee-bdd6-86c0d934eb16,3d79ec07-8075-4c61-9436-55a5ab8c59d1,C023,CUST-11514,2025-02-26 07:41:45,773.82,purchase
9c035903-381e-49f1-b78d-499ead947e91,dc50ce24-04cc-441d-9cad-4ef4ef485086,C003,CUST-29602,2024-01-10 03:06:56,26.77,lead
c2fe4f19-af34-4a87-9949-a931a1a2353b,d6ed2e99-acae-4959-89e7-3e2d072b7e0e,C009,CUST-10757,2024-02-08 03:21:57,68.45,lead
33cf2321-00ee-4b2c-a168-da000d574520,f7127bed-0be3-4cba-9a80-729d9f7dfe89,C044,CUST-06932,2024-04-24 11:48:09,0.0,signup
83769c7e-8eaa-44ee-a3d3-380fe1a2416e,725cc4ae-8d76-4d19-aa86-5ef95b23a4e1,C008,CUST-00647,2025-10-24 20:18:42,188.75,lead
5c526dfd-7dbc-466a-a137-355626896439,776ee9fc-fe40-4fae-8a40-929e768921dc,C019,CUST-18644,2025-05-30 13:45:53,168.93,lead
a84e2daf-ae76-4f9f-8d4a-b7371831b713,4de6e300-3dd6-436b-9cd9-43bbbb1d62c9,C034,CUST-13965,2024-12-19 15:28:03,1657.12,purchase
89a407fd-c8a5-4e2f-bb63-8262c1058d8a,9cd55bd9-3c62-487e-82c9-ad76bd534555,C038,CUST-08381,2025-04-06 20:30:28,122.62,lead
28148c49-e8b2-4c33-85a8-b00ba9e6c8ba,4f6d50f8-c754-401e-b94c-115b1718054c,C022,CUST-47432,2024-03-25 16:08:40,1267.81,purchase
e7243953-5303-454e-831e-1854dd53ebb1,143d9c97-c0a4-41e5-a45c-876504b81958,C033,CUST-06581,2026-02-11 01:22:19,545.37,purchase
7046fd9b-7b48-46b5-adfe-f116ed5b5ffc,5515d777-6874-4a46-adec-81c026cce6b2,C012,CUST-39698,2024-05-15 16:36:49,459.53,lead
c7279ffb-90d6-4cd8-b630-f0a48301c95a,1d0b110d-bc6f-4123-a9de-9764744bdbcb,C017,CUST-38009,2025-07-28 19:45:52,1181.85,purchase
3a907f1d-e3a9-4d84-9071-913aaf88a155,22d7f8bf-e5f2-4078-8df7-f378e493654e,C009,CUST-36925,2025-09-28 23:29:30,142.65,lead
84cc3466-1077-482b-91de-6cecbad5a154,4d65e0d6-9a59-4111-aaea-1dceb6ece1d5,C010,CUST-38369,2024-01-28 20:09:26,0.0,signup
485e1dc2-0eca-4d7e-b5be-1a4cf3040a0b,30bc96ad-ec67-482c-90bc-4566fa82ff5d,C012,CUST-23329,2024-03-06 20:06:08,455.72,lead
a6e99cc3-207f-4061-b4f5-7cfff37bcc9d,9c563aa2-bf72-4819-a0b3-d951e92fab0c,C045,CUST-38270,2025-09-15 23:59:55,296.9,lead
fed979a2-9fe4-46a5-b037-97cf12f0e54a,19937cfe-9762-49e6-9c57-82b93f05e507,C001,CUST-09228,2024-03-16 04:24:25,0.0,signup
248187ac-2708-4400-9608-7a7f1aafba9f,3afb6eb8-bd7c-4878-9cb8-0c0260132a18,C039,CUST-30553,2025-02-22 03:30:13,449.64,lead
aca0b6a6-90ad-46b6-a5d7-58a74eab95e7,a497d33b-a24b-437c-ba6b-e370dfcfee96,C039,CUST-03609,2025-05-14 12:36:49,0.0,signup
a5d2c030-66d1-4672-a30c-2912a4cf9fb1,d9752663-844c-40e8-aab7-ac53c85f1404,C048,CUST-16431,2025-08-08 16:42:18,1359.38,purchase
18e4298d-e6a4-4829-a885-6051249fa5a9,efd2ef4c-11f7-432d-8365-20a94007f0de,C001,CUST-29345,2024-09-28 14:41:23,0.0,signup
9152a422-17f4-4c18-8922-0c854d9cfb6f,a950e5a3-5cb0-4177-82b6-d68df4477a32,C030,CUST-15135,2025-05-29 11:16:58,0.0,signup
265d1b72-450a-49fb-a21f-9bfc30f7c594,bb1998f9-f7b6-4c58-93b8-aa9d3bac27dd,C019,CUST-38457,2025-01-11 13:38:30,0.0,signup
b1816b4b-3f5b-4397-9247-5916777420b8,83363ff6-800c-4ebd-a376-5c15d520d686,C029,CUST-25184,2025-04-30 09:50:44,1746.63,purchase
57911ba3-2732-423f-9d51-747ae3579621,223db3b0-8869-457f-b040-2eff94f08312,C046,CUST-19731,2024-05-24 02:40:57,0.0,signup
cb2c12ea-9944-4f01-9a7f-81db7c82c5c8,8fad509c-d2bc-4df3-a2e0-843d989513eb,C037,CUST-27568,2024-10-17 18:03:09,0.0,signup
efb2d027-a5b3-488f-b46c-fa5ca94c57ae,b1446d52-2f35-48fd-a62c-07ba63bb0d6f,C021,CUST-31785,2024-08-08 01:28:39,34.11,lead
08e6c64d-e390-4cbd-8f6a-7b63fd856455,928cff5a-458a-400b-95e0-010047a201b9,C008,CUST-19164,2025-02-22 22:06:16,637.56,purchase
80c91763-d068-428d-a500-2977461e5043,508d8104-cb14-4985-8c3e-9ef316c70b09,C002,CUST-46093,2025-08-06 08:52:05,267.07,lead
f092a636-a7e1-4749-8823-0e4fc677db22,5b2597ae-bc86-4f0a-b5bb-b8e9e0687940,C044,CUST-25815,2025-03-12 15:52:10,0.0,signup
9143460c-37ea-4519-9e46-e73626bcf1b9,971b4ff9-34c9-4630-96dd-5f3338cfc358,C024,CUST-20841,2024-06-25 08:36:57,305.19,lead
d5f064c7-e5b9-4df3-a3a9-3a5232598773,e7fb05f8-b88e-4c75-b6a4-28ee072ff519,C027,CUST-01632,2024-11-27 01:07:23,1962.5,purchase
6ce093c5-dfa8-4f6d-8504-07a958b2fa8a,1e0378cf-4bae-422d-8ffb-96316db5cd83,C043,CUST-31173,2025-03-31 00:34:31,0.0,signup
e3ce86fb-e7d0-4d57-8a5a-7e2af6bb0d4b,054822b3-f5ae-48d0-9943-351251ca11d3,C043,CUST-10175,2024-07-26 15:44:06,1878.57,purchase
cbb3a2d8-d308-4617-bc57-77a260777c8f,04cc1026-4034-4afe-b172-a04d2d57b40e,C038,CUST-06418,2024-04-06 10:23:23,0.0,signup
7799109c-07c1-4656-89e7-2a6afa872184,de2a9de3-20a0-456c-a058-ccd902b335e3,C019,CUST-46066,2025-12-04 01:37:12,474.21,lead
e2e4c702-261b-4cdb-937d-fdf73f25c2e7,11e75e5c-026f-4712-86b6-2a50aeaafe95,C050,CUST-22298,2025-07-22 13:23:41,109.39,lead
007d5506-e050-44a6-8a7b-2ebab873ec71,1ffc07cc-e6fd-4ad6-be9d-bf866986d512,C035,CUST-14068,2024-11-22 06:19:25,0.0,signup
65a5441e-4f79-47a3-8035-ea03e6f15622,ea02eb11-52e5-4d7b-b5e6-35b1f5cc7440,C047,CUST-31701,2026-03-11 06:59:08,388.6,lead
e1043565-f4fb-4dd8-9a80-f1c76b7714b6,e8e340cf-a299-4d4b-9502-744d1e670b84,C031,CUST-28921,2024-08-22 22:58:55,0.0,signup
9b0d23b6-fd0f-43dc-9736-541d18c25d98,60fbddc8-1c80-46ab-bfde-b6ebac93a142,C020,CUST-16474,2025-12-17 22:26:56,518.48,purchase
27cd0e06-e352-4b93-89e2-cd635101aa0f,a625b110-6d0a-4bed-b089-e998a1ac6b29,C017,CUST-10759,2024-03-05 02:27:27,1434.57,purchase
d097dcef-84ee-4b66-98b3-513362ff1296,073b2a44-94a6-4d08-a6fb-db6bc534bd7b,C029,CUST-34542,2024-08-05 06:57:55,553.73,purchase
c4aa646d-76b3-4fd1-b05f-273f32437d94,c0fa9e99-c67a-4a7c-9bb3-e274f024afc1,C013,CUST-06419,2024-01-21 10:52:15,0.0,signup
4f2b6bac-7b10-4ca9-b19a-61e1133c20fd,36bc6c5e-b0ba-4071-af6b-57494986ff34,C013,CUST-31117,2026-02-17 09:51:21,463.02,purchase
34bd4203-f181-497f-a4e1-d268176767c0,349b7781-96b7-4fd4-a1d5-b2288377ae34,C017,CUST-29840,2025-07-20 13:12:46,891.87,purchase
f5ec3215-067c-4149-93e1-f14f7fc58707,59a410de-d193-4b51-934d-04e9015009da,C025,CUST-04512,2024-10-02 08:04:38,0.0,signup
e765f94d-b018-4f02-9b38-66d81e7480c3,1893ee46-2540-497b-bbc8-af245bcd4a0a,C010,CUST-22646,2025-07-15 01:42:20,0.0,signup
26fb9364-81bc-4b61-b35f-9d837f978b56,5ee6d827-e55d-44b0-8cf9-4c70f0a2adca,C008,CUST-03231,2024-10-19 09:52:57,1712.52,purchase
9b960184-3c5a-42d3-8dc6-002d08b00378,9208178b-64ae-4950-91ca-98ceac18d1ae,C003,CUST-15481,2025-09-20 13:14:17,1193.54,purchase
34b0052b-6134-4130-b00d-ffd5c29e0a3a,c342ecc2-340d-4cb2-b908-e68344f69c23,C002,CUST-39593,2025-02-20 02:12:32,313.51,lead
1d94ba53-b829-41b7-9145-2794c35c8b35,78be8b31-e83a-4749-9879-e402f9265457,C017,CUST-32084,2025-01-15 23:58:12,456.1,purchase
e41c7586-1c08-4348-8e98-b61152eb9a33,d9e33f5b-38a3-43fa-b22a-8f1f90ae68f4,C004,CUST-24434,2025-12-20 08:36:30,1984.5,purchase
6a869b31-8890-4e08-8136-aa79db133275,9f62ce3c-e2ef-400b-8c8c-3a2c13a89c83,C022,CUST-34799,2025-04-02 11:54:59,94.59,lead
68160d0e-09ba-44f2-a377-47f7c01e34ad,05d94c79-c3b2-44b2-aa36-6c8bcadc6ce7,C050,CUST-41954,2025-07-26 17:56:14,0.0,signup
18e753e0-e297-4a33-94b1-8110a7c7530f,92365fbc-d2bf-4c4e-bd9f-4311318f7368,C036,CUST-23356,2024-09-04 11:37:25,446.27,lead
04ae333a-444d-427a-bf5b-f3969882a490,3aa9ee89-8d20-43b7-880a-eb0af5455ade,C007,CUST-11746,2024-11-14 11:32:48,322.44,purchase
741e9cd2-6dc0-4309-b5e5-b050025a7a5f,c2ad5b2d-e0b2-43ca-9346-48b897b14dd7,C012,CUST-05742,2024-10-17 06:12:46,140.57,lead
a5e2abf6-efa2-4e3c-bc9e-5db5649485b2,727dded7-f83b-4ddf-8d2e-259ca1686c7f,C014,CUST-24220,2026-01-25 02:08:05,30.47,lead
38b0bb37-2987-41fa-baea-480def3864a6,adaca898-5124-4bbd-b067-975ad2b26c33,C043,CUST-34297,2025-12-16 16:46:58,281.96,lead
bf62dbd9-e8e0-4b09-bbfb-1c8b97add910,2261bef1-7faf-42e4-b020-4adbe8b324ba,C039,CUST-45160,2024-11-30 14:12:23,486.62,lead
60db9fd1-e324-418b-8060-38c06c90986e,062d4f92-253c-4d64-9066-6db9e26a21c6,C028,CUST-43779,2024-10-26 19:17:17,61.23,lead
4351423e-3a43-4657-a8e9-8c4891064746,6439fa01-205c-4c9c-ab14-2b43e2ac0a13,C048,CUST-06535,2024-05-01 03:58:23,135.13,lead
b31e7535-7486-47b0-b0c4-0438a565643f,57d2d688-5b2c-4e7d-ab70-77f3d647df0d,C002,CUST-36790,2024-07-25 08:22:50,0.0,signup
883dd068-35c7-448d-9970-c8f41f76d6c3,67702362-1155-4b8d-89fe-14c095de93e2,C048,CUST-46582,2025-07-23 19:23:29,574.19,purchase
4b836d48-9c32-4563-87a4-dd3da5d65953,08ac47b4-7211-401e-b945-5ace902739c1,C029,CUST-42109,2024-08-28 18:58:45,0.0,signup
fdda4ad0-8991-49b8-a604-c64a2db9b434,283c26a8-f489-4de2-b4bb-d73686da8a3e,C006,CUST-16726,2024-07-15 10:27:34,1317.76,purchase
749406df-7b1a-405b-8a30-9b5f6345c18d,0522a6e9-8f22-449a-b403-d716c6cac4f5,C035,CUST-38551,2024-02-21 20:31:21,0.0,signup
12c107bf-5be2-45c3-8e9c-1743b95915a1,93bfd612-bc85-44aa-b135-3f18e62d29d6,C050,CUST-22244,2025-04-15 11:10:30,0.0,signup
ef995fc3-da5b-49cc-9b6e-6c2f008cc696,fb8a4741-fee2-46da-80f4-b973bd70d0ed,C038,CUST-12811,2024-01-06 16:42:24,0.0,signup
5bd4878a-11a5-40d0-aadb-f0ff10be05aa,b475e722-1072-4434-bd04-af81e6cad562,C045,CUST-36952,2024-09-19 02:38:19,0.0,signup
899be3f3-7538-4508-b4da-43ba45135db7,efb755b6-0004-4d9a-8ba1-4f26410ced46,C030,CUST-46681,2025-08-22 08:07:01,222.41,lead
18137c87-256f-49a3-9064-013872ef0cdc,ffb3b60c-8fd4-4bd0-a16c-8867ace19f1a,C016,CUST-40990,2025-12-14 22:35:49,0.0,signup
bfae88cf-8e48-42b1-8d25-2772236c0403,59be196d-80b4-46fb-a390-438cd89de1bc,C045,CUST-03309,2025-01-30 16:02:07,471.72,lead
d530bcec-07dd-4961-8966-ae479289fb10,b67817f9-25cc-4ffd-856e-7fb7332acc34,C009,CUST-12141,2026-01-12 02:48:07,557.68,purchase
1cf952ac-b0ae-46c0-a0de-5eb919bea3e5,b1faebbb-d7db-41ab-b8eb-c17146367d0b,C045,CUST-12844,2026-02-08 19:02:21,1732.48,purchase
21171bf2-9c53-49a9-b0c1-3190e8dfdc2f,8c0127e5-7607-4ac6-8463-55ad1797c46b,C041,CUST-40168,2025-01-17 04:36:24,1362.97,purchase
b4ed0a3a-310b-43bb-a4b5-5e709601bd2f,9b2f8212-808c-4cbe-ba56-5354822fdca6,C022,CUST-49997,2024-07-08 22:41:58,227.63,purchase
d93deed0-8b7a-41c1-8266-c6390e450ad8,3c91355a-ea98-430b-bd80-9d5ac8007a03,C041,CUST-12630,2024-07-11 14:26:56,590.31,purchase
d429dcfd-fd57-47c4-84bd-26bdee7bc168,fc8382d3-6086-4379-bcaf-6b7e33f42087,C028,CUST-14904,2025-09-05 20:05:31,257.89,lead
604f297f-2c14-44b0-9ed6-a258f9d8c850,8b8121c0-0ec1-4178-92df-5078f9a4e29a,C003,CUST-43578,2024-04-24 04:28:11,615.03,purchase
b51d51af-c6cc-4ead-b67b-bac8d07ceabb,30cd79d3-13eb-4e5f-9073-ef85bb417d81,C025,CUST-31466,2024-10-25 12:59:19,1678.82,purchase
94505546-3561-4b34-8b56-3e79367cb852,e1608053-f6c6-40fe-abed-69fa9676bba8,C038,CUST-48283,2024-11-19 10:47:25,0.0,signup
eac0d065-0046-48b1-bfeb-c5cd598e28da,b041b5c6-dd29-4fe7-a830-ab1644f920b7,C028,CUST-07788,2025-09-16 13:13:49,1821.87,purchase
adeb1dcc-b62c-430b-97f4-07537f473b7f,ddf20716-0aae-4849-a035-ee0458afe8d0,C016,CUST-10946,2025-07-23 17:15:18,0.0,signup
0e705e59-ea67-4bbf-aa7b-a65f7d93222b,01eca598-c7a7-4142-b07a-5eb16fbe1f55,C049,CUST-40595,2026-02-11 14:04:01,215.84,lead
efb22925-8513-49e0-88ba-b1ae28f5e767,41fe95b9-b9fb-468f-ade4-568ea64005ee,C040,CUST-39331,2024-06-13 20:17:07,297.25,purchase
63d3296c-09c5-45ad-af70-df2eeeac512b,555cc38c-fe3e-41bf-a711-9fc0ca510287,C017,CUST-07307,2024-08-20 05:00:59,418.03,lead
dfdd2fb0-d9ca-4df3-a036-259482ffcb37,4d3e7226-8998-4165-8ad1-2ee0b1680841,C037,CUST-43192,2025-10-06 01:52:25,0.0,signup
8665e9b8-f5eb-43d3-911e-f773a1ab5387,92c88ce6-10f4-44f8-a5b2-0475dae61fb0,C050,CUST-10672,2025-03-19 13:57:33,0.0,signup
310045b7-b7f1-4084-b583-f1a495afca27,04f67e44-5ae2-40c5-8248-7a65ff30502b,C007,CUST-42694,2025-11-19 00:31:15,0.0,signup
81eaebdf-002c-4966-a066-903bc23eecf2,dbc392f2-3706-44f5-ba7f-68b5ffb1ce20,C038,CUST-11566,2024-08-01 16:27:42,0.0,signup
a9a8b8b1-5f2b-4d1a-bdf9-e3384347c104,e4c6457a-16d0-4ea9-84b1-0866e1db5c0e,C003,CUST-25160,2026-03-01 17:04:16,314.25,lead
ab3db24b-b1fb-486a-81d2-58f799eb2a6c,1f7a0c9e-eb3a-4896-9155-844e37724560,C047,CUST-05053,2024-06-19 03:29:26,1633.15,purchase
03d315f0-3209-4aaa-a00b-70c87bd6c68c,f1e45d20-64d1-4b3e-baec-3a4b8621cfc0,C002,CUST-35418,2024-11-27 15:06:21,184.6,purchase
c0575fe9-a307-4bad-837c-9810d9cdda1e,b2ed64d0-70de-4400-8f3c-235de170c655,C032,CUST-37059,2025-07-15 18:21:43,0.0,signup
d9ac74f4-9659-4cc3-9a4a-8cd115d394b2,8474746b-88ce-4a69-8bde-a05ca69b4b31,C045,CUST-33210,2025-05-04 16:03:35,0.0,signup
11bac4a1-e20e-4152-ba21-269ccd895e4a,7822fb46-2fc3-4e5c-9192-6b7713add496,C008,CUST-06996,2025-02-17 18:45:33,0.0,signup
9a1079b3-d56d-4f24-814a-d4e2e408801c,6dc317e0-ee33-4870-bfac-7bcd8a54377f,C039,CUST-23481,2024-08-16 19:37:07,1759.06,purchase
9a7e1c32-677f-42b3-bcf3-8a152fac320b,f478b018-e591-4766-b7f4-1722765b6c19,C001,CUST-03167,2024-01-02 09:35:47,0.0,signup
881156db-92bb-4c48-bba5-11ae65268234,4ec7d0c7-976e-4371-9cfb-5234da5bbb28,C007,CUST-18091,2026-02-21 00:06:52,1504.1,purchase
1f6d6107-d4a1-4769-88a8-e27637a5a827,bdb836c8-1a11-41eb-ae43-f9e040052cfa,C038,CUST-30591,2026-02-18 08:13:04,0.0,signup
bd73af3c-3941-481a-bc94-5c79b4575071,abe44a27-2343-41c0-8a62-ca12556067ad,C006,CUST-03873,2025-01-10 09:14:01,432.65,lead
a9e296ca-36e9-4bf6-b278-fcd31ad7981e,b0ebab00-5084-46e0-878d-63c4f742b6d3,C001,CUST-14567,2024-11-26 01:16:31,0.0,signup
ff497fd2-a09b-41f4-89d3-43ba3c0a5720,2a3da5be-5230-4336-a972-90b6788df69b,C014,CUST-09019,2025-08-01 14:26:32,0.0,signup
5c9c8e7b-3eea-4f86-9a9c-947e6abcd722,ca8b6f69-60af-4e0d-99db-6547c1600cf5,C028,CUST-24111,2026-01-09 08:45:14,1965.92,purchase
b421614c-ef65-41b6-85b2-6cef2c8a6201,7be0a44c-bbec-473e-a247-aa83bc4145c3,C036,CUST-01268,2025-04-25 10:56:07,0.0,signup
6858d058-c9a9-41fa-baaa-cbcd44556e92,964cbe27-1d9a-4903-b8bd-972a0d66b67c,C015,CUST-26936,2025-05-04 18:13:30,0.0,signup
3da214e1-fe42-47ed-9ff5-b8861f5eebe1,5cd6ceca-7adc-407f-beb9-2fd0d7e43282,C042,CUST-30899,2024-12-23 12:50:07,1173.24,purchase
bcc6cfcb-ea84-4e6b-91b1-9986e0245b2b,218163dd-7901-4321-b6c2-8105ac210221,C035,CUST-31116,2024-11-26 22:13:55,1099.64,purchase
c93bbc41-7e89-461d-833a-bc39d8e9e662,0acbadf8-70ba-4165-ad57-fd5e14f68862,C040,CUST-29559,2024-05-10 11:18:10,1491.45,purchase
380f9544-e4a1-40fb-90f7-8f6108639020,1514ef07-795b-4415-ad0f-d9c3c97aeb43,C035,CUST-35835,2025-11-14 19:10:33,0.0,signup
1ce642d0-130e-4ba0-89b8-1de67e030a9b,1468d7f4-075f-420c-a61f-227b089944f1,C031,CUST-32960,2025-07-14 12:45:59,0.0,signup
d73dd4b2-9507-4e05-9baf-425f5cd8ff8f,0254d908-bd9d-47eb-baae-996fc1e0ca7b,C024,CUST-14869,2024-02-20 01:10:23,218.77,purchase
0f9af1e7-6b66-4a01-927d-9dcb7605c466,73b199e5-4024-4f4a-b852-043096432e46,C008,CUST-38814,2025-01-07 18:17:43,79.47,lead
d1050398-146d-4f43-a00d-0ba6ad967adf,fd1e4ae9-3e23-46a7-9dfa-79ef219ec443,C036,CUST-26677,2025-02-08 07:34:39,0.0,signup
a3448563-8ff7-44cd-9ca0-f9a35b08d7c0,c2e4fe14-111c-4de8-a4b0-d292b6b3a265,C001,CUST-08789,2024-06-16 11:07:19,191.28,purchase
906a7ae8-c881-4742-8691-4e0cabd09c49,492cc6ef-7bd9-42b0-96e6-e446a2557849,C018,CUST-39044,2025-02-04 19:30:59,467.12,lead
80758d54-0447-434e-a301-56dc4f50e445,b6780498-3ca7-499c-a6b7-4bd93c918dfe,C031,CUST-48755,2026-01-28 21:48:40,43.22,lead
66a2e288-879c-43b2-9049-7174b0b2fd45,262e730f-0b5a-49f8-8777-87182d027dcc,C035,CUST-10108,2024-04-15 19:02:28,468.79,purchase
2bae1504-7549-4d21-b45c-0a77d34bf434,61f5e1c6-4072-4167-b472-989e61842948,C027,CUST-01615,2025-07-17 16:12:45,770.27,purchase
d5e01f0b-00eb-4024-a994-ac78406f9b91,72511ff5-490d-4425-a4d7-5a99428f4dae,C044,CUST-29777,2026-01-19 20:37:35,0.0,signup
d561cfa9-01a9-4cd5-8727-f9032a3f8455,e2aa827e-0a2b-41ab-9aac-8ad5da451de0,C023,CUST-36504,2024-10-20 05:22:36,175.22,lead
5c73b2d2-80ce-4b64-8c78-0cea39d576b8,1a0f2b68-ddc4-43ee-8677-0f885b9c2478,C033,CUST-09989,2025-03-22 11:16:18,655.39,purchase
ea087c5a-ad40-43f9-b5c4-1191eaa1316a,acd2f51c-5ffe-4e3d-8581-bbf37e987486,C038,CUST-25777,2024-03-24 21:05:08,336.2,lead
1d30f12b-eb4c-4aa2-858b-161dc77a5811,4b801922-3ec3-4c7f-b6bf-87bc67ea7ffd,C025,CUST-32396,2025-09-25 07:37:35,1624.43,purchase
da96cbff-b8c1-4ae6-8d22-695b12a901e9,19e9cdb9-287e-44da-87e5-a28f361c9742,C039,CUST-28345,2024-11-04 18:12:28,597.31,purchase
59d70aaa-74e7-4413-8d5d-3044893e9b2f,d2d362e3-37e9-4680-9b85-c731adc7e9ac,C020,CUST-23194,2024-01-04 18:38:55,416.57,purchase
a8f256d8-483e-4780-953f-4433a59f32a6,3e99808d-b4b2-4646-9967-7242bcce0c39,C014,CUST-22173,2024-12-05 00:20:57,0.0,signup
852697fb-b7eb-4cd5-a6c3-5ef8e3f0835a,95b53843-c27d-4e33-858c-6041710e51ae,C010,CUST-49013,2025-03-30 05:01:33,1666.86,purchase
5d2b4a9e-c0cc-4164-91e8-c6899ea57387,79c2c3b2-7a0b-4d51-9489-5bf579b9ff24,C033,CUST-13371,2024-09-06 03:37:02,1976.4,purchase
e689b8d8-febe-430e-a0a0-c8cc7e48a604,24763a13-e1b4-48ea-b643-6362bbf55ee7,C046,CUST-16754,2025-05-25 04:33:48,0.0,signup
7e419d21-2924-4ff3-98e6-c427aac8a88f,7b0a409d-99f9-418c-997f-cee70f9aadf2,C050,CUST-29616,2024-10-22 06:13:54,422.51,lead
f498dec3-a9b6-497d-ba59-881d02967034,e00bdcd7-4f18-4fc5-9791-62048401433a,C034,CUST-10969,2024-03-06 04:30:19,240.92,lead
c21be904-ee3c-46d9-8dee-4564d9360af4,747c6036-4a24-4e5d-82d9-ad612e48437d,C041,CUST-04842,2024-01-05 14:53:51,0.0,signup
96baefb1-de2a-4806-a3f4-a41b52360804,201793eb-bdab-4d25-a5f9-b3a1ab2150f4,C043,CUST-42207,2025-07-04 05:17:42,5.93,lead
8bb08e55-cae1-4fec-a3d2-b411187396b4,63b9eb7f-12bf-40f4-9079-82fd117bc8fc,C007,CUST-23309,2024-06-16 04:34:49,1513.48,purchase
7d3b3eb2-4d78-4e1e-83c6-6c7dced87d49,468b305f-eb85-4b78-b67b-356eeecd112a,C048,CUST-19284,2025-12-22 01:01:26,21.62,lead
9dba08f4-708d-47e8-b2c2-16e05bfeb56e,2f4405d0-eb23-4a31-8f8f-5a6a461ebe14,C036,CUST-39150,2025-03-10 05:22:35,0.0,signup
f47312b5-a673-4cdf-9ff4-84fe261e7869,cc9a4e05-12f8-4e13-b5ab-b71cc17b2188,C010,CUST-09655,2024-01-23 17:48:50,0.0,signup
4361b6e8-1794-452c-bbcc-905010495b61,9db30bf8-784f-4bdf-8872-db97683aa813,C043,CUST-39603,2025-03-13 15:30:32,26.3,lead
2dfa10cf-a2fb-40c5-b57c-a2111f3a74f7,948aa98d-022c-40d8-a5a8-5db3c33a4e38,C004,CUST-17814,2025-08-28 08:57:45,0.0,signup
4f82587e-7656-4faa-9349-3e2d7d54c9f7,38b2fb4f-ef04-439c-8966-1084bd231fee,C017,CUST-05447,2025-12-17 22:10:27,463.47,lead
0eec167c-00a0-456e-87c2-1c56b58ca51b,d1f59c5f-6d83-40a9-b837-1ee8fe3444ee,C009,CUST-02622,2024-04-09 10:07:00,94.52,lead
c70f493a-d4c1-46f0-a87d-03430f997f8f,bebae6ee-5459-4ea6-87d9-db0da7ef9f17,C019,CUST-49200,2024-03-15 04:36:22,242.91,lead
33535b2a-086e-4bfc-b9af-33bf5c2d71c1,708f5fb8-2003-4338-b6b0-d730aad12077,C027,CUST-14557,2025-01-16 22:43:12,859.26,purchase
f31f1e4f-9db9-4a53-9e74-ada65f4f10b6,eeb21e1b-273e-42a8-a970-4183d8be236a,C038,CUST-08052,2025-07-21 13:01:43,0.0,signup
d127e489-aac6-40a6-9293-1f26072e0cbf,9a7e1691-035f-4a3e-836d-f87007338e7a,C005,CUST-22494,2025-06-09 21:14:06,301.49,lead
5bf0fa6d-088a-4ecc-810f-f9f838192a66,d34ca952-612f-4111-bea9-d563210ce156,C018,CUST-12133,2026-03-11 09:28:20,1545.62,purchase
9ca80056-dd4c-4cd6-9098-a1c3cc7f4977,1c15155f-d8a0-4c42-8a26-34db38b43805,C036,CUST-41890,2025-01-03 17:41:38,0.0,signup
47cb8950-cebd-46d1-b062-810363f13187,d3e2165c-bad5-457d-9dc4-594023f14ee6,C014,CUST-18348,2024-05-30 07:09:17,0.0,signup
a87f540c-7c2b-4d19-b3fc-6be974e0c0bb,9b743ce2-6971-4888-a209-4212b871a5af,C012,CUST-00317,2024-04-10 15:00:54,0.0,signup
16d8cb1a-374a-44e4-9b5e-922bc79a61cf,bfb086f5-a462-4605-a7f1-ad4bb75f5e7b,C008,CUST-01502,2025-08-11 10:58:36,130.56,lead
dfbf06fa-6a46-4e63-b500-e7db165a2aff,c8179267-e9ea-4e3e-ae21-0226622c6f4e,C025,CUST-41899,2024-10-18 07:17:42,487.86,lead
ce6b2207-f8a2-45e9-ac7b-e2582bc58a6d,60ee245b-bb02-4487-9f54-4f1c0e618b7a,C049,CUST-03985,2025-07-19 00:15:51,0.0,signup
8a3bcf5c-468e-4ea2-8313-3c2e0710d8af,4e7553d9-c816-43b5-bf80-01ef601a26bc,C031,CUST-35918,2025-01-24 03:37:17,402.3,lead
50f08487-1c07-4c04-a7b5-fe368cf78fa1,ff584324-566e-41b3-ba50-2bb7a91f27f0,C018,CUST-15792,2026-03-02 14:21:46,359.14,lead
4f809670-3132-4cdf-89b3-5aa3583c3fad,6a994632-b561-4f91-b71d-840abfbf82e4,C028,CUST-24198,2025-10-10 16:27:56,322.45,lead
f140bfbb-7f0e-46a5-bf12-f580a5ec1241,b4b7fd83-5123-4e32-b405-10632ac87594,C046,CUST-14707,2025-06-11 14:04:24,0.0,signup
166be1fe-8dc3-49e7-8411-53227e07d7a2,2cd43534-2816-44e6-bc28-d9a8f6ee692c,C030,CUST-21017,2024-03-18 23:34:02,280.92,lead
bdc8fbb2-ba3c-465c-9469-9cf0a2900b66,0433ab97-d5e5-430c-907f-e54fdd449bc5,C020,CUST-24449,2024-01-26 10:59:33,0.0,signup
f2f8f347-2f8a-4d38-a1f4-465ea1e6a129,498419de-4e20-4aaa-a5d8-ad2195f28cc3,C048,CUST-37648,2025-12-04 09:11:18,241.56,lead
074ecdb3-ef12-4b06-882e-abe7a6206c02,1a0ef99c-2d67-4f82-9b68-956ca1d20a97,C016,CUST-08716,2025-09-05 21:28:23,146.22,lead
09ed1d8b-4ff5-4679-afd2-d861035a4e35,bb8d82c6-11e6-44df-8498-5eea92fcc2ef,C022,CUST-10619,2025-09-15 17:06:21,323.99,lead
108f5d68-7929-49e2-8c58-e0d90adf0d30,a9d4a8f7-1c3f-4ae7-80ce-626d711fc31f,C034,CUST-03790,2024-03-17 18:02:16,772.26,purchase
5b129828-88fa-4539-bb39-53195002c70a,8593f456-428b-438a-84c0-f33040e21716,C032,CUST-10983,2024-12-09 22:23:42,0.0,signup
1d59522a-b494-4b36-85f4-4d2f2653946f,6d975426-c006-4b83-984b-1c7b171aaac5,C039,CUST-26450,2024-02-14 23:09:41,0.0,signup
193dcd7b-3504-4599-8c63-f133be656265,0f8d64fe-803b-464f-a3dd-95a8f8ce2f83,C041,CUST-38352,2026-01-01 21:38:18,264.0,lead
dc08605e-6a44-405d-a134-7176f998556b,eb0fdd44-2db8-472f-8c97-556e9fe98843,C036,CUST-04046,2026-01-10 14:20:38,0.0,signup
ab3b1948-2881-4593-bc5e-599d0e23625a,4dd4fee3-5952-4a18-b3d5-676bb8a2ba44,C043,CUST-34243,2026-02-14 11:34:46,0.0,signup
110036c9-a829-460b-acec-b5a7f1e8dcfa,8b005a15-73b5-4777-8c11-fceff273c314,C015,CUST-31537,2024-10-09 23:09:58,0.0,signup
9f8c8c55-65c6-45d6-9e6c-11ca62c98627,e7742117-694b-4884-8ac7-6c8f5d334df5,C032,CUST-15242,2024-04-15 06:17:01,53.5,lead
94feed83-5227-451a-8362-6bc6f0160ef7,0309b0ff-33e3-4d9b-9269-33c6493c0ace,C001,CUST-34731,2024-07-03 16:37:33,429.27,lead
4b192990-5243-417c-a0b2-968eee37d221,04ffc0b2-75b4-4aa9-97eb-061616ecc1c0,C041,CUST-28776,2025-09-24 23:43:47,388.86,lead
dd7d9d4b-0e22-4972-b404-8f40330631eb,73eeb248-367c-4b34-a4e2-34dca4e2430a,C041,CUST-39018,2025-04-02 05:08:02,0.0,signup
6587940d-f159-47cf-a4ce-08d85377831a,7963b55e-2787-463a-9929-d47aaa364503,C006,CUST-07099,2024-05-11 09:15:53,451.5,lead
de138218-35e1-456c-9c3e-41b9c7bbb1f2,2920c6d3-d7b9-4b90-9b50-e35a420782af,C003,CUST-44521,2024-01-12 12:46:15,0.0,signup
40a3b307-3103-4f2f-867f-b80a6d3fb2c2,6fc1a551-0594-4507-a266-7cd305ee92f7,C021,CUST-27049,2025-01-24 03:22:35,1293.18,purchase
1847604d-e9e4-461c-af43-4e340e2210ec,d715c412-3095-4e6f-af11-0dd9ce7f4135,C017,CUST-42108,2024-09-02 01:12:43,296.71,lead
30c52aff-6909-4214-a922-916ce893822b,c72e3f5e-5bd7-4738-8c3b-feafdd5df03a,C008,CUST-30420,2024-05-21 12:03:00,436.64,purchase
d7617c82-396c-4bbe-90f5-99b872c78a5b,69dbbe08-d5b1-4348-8e65-38a541e4c413,C041,CUST-06915,2025-03-23 11:04:59,1449.09,purchase
bfd39426-2923-4651-879b-1b550ca48057,f3c70bea-6012-4c9b-b07b-79343f5cca64,C036,CUST-47723,2024-09-06 17:37:41,0.0,signup
28580cc7-4de4-4206-ae39-28024c1dc66d,4890449c-31d2-417f-b770-5d76af636b8d,C049,CUST-40137,2024-07-11 11:00:25,0.0,signup
6b6e3935-8a57-46db-9049-cd43b2cd56d4,d2f5f0c5-1904-447b-820f-29be5a5b6f5a,C041,CUST-12487,2025-01-07 07:57:20,1604.21,purchase
a0b6a29a-2700-4154-9c7c-478899987b3d,8f4a5510-ceb5-4418-bf1e-a8f73ea52820,C037,CUST-36667,2025-03-24 15:47:02,0.0,signup
752a150e-992e-4095-a898-56450f9ff511,bbdf7a86-818d-476e-a015-9a32da9e867b,C016,CUST-29649,2025-05-14 21:50:46,0.0,signup
18f21117-97bd-4d36-8861-1156554bf645,dca75f6a-b115-403e-8dd8-70952cef44ca,C029,CUST-13364,2024-02-23 09:33:42,1127.61,purchase
5dfd91b4-24e4-42c3-89de-dca0f50592bc,1c6aa125-54d8-49bb-a2e8-e750e0976905,C044,CUST-16102,2025-08-02 18:52:27,446.41,purchase
6a513b90-5d58-4711-91c9-de1d3b9fed1d,97ed694b-6e34-413f-b1dc-7f1fc84021b3,C015,CUST-41367,2025-01-19 13:16:54,580.58,purchase
23740292-37be-4928-89e0-de69dc0cd10e,883cbfba-1da0-4d75-82e1-152ae67834f7,C017,CUST-26697,2025-01-19 12:40:08,1245.45,purchase
cb4efcae-fe8c-4c30-8dd8-b96f8146d589,6df84746-3123-4730-bada-75d565534fa1,C020,CUST-31614,2025-01-11 17:05:59,282.19,lead
0d142e55-cd9e-4965-9e01-7baf53bbc282,a4010ab9-eb2b-42a2-ad34-e8672fd22bb0,C032,CUST-43025,2025-08-19 06:38:16,1317.26,purchase
d728534e-2c53-4362-a4c5-eed6ac141c7f,b94a793b-337e-4d3c-a3a2-4bd4ed307819,C032,CUST-13850,2024-04-26 01:51:06,0.0,signup
429aa183-56c4-4003-bde7-3a63a2dc6ef0,9fff960a-7f9e-4af3-8857-d979d295c438,C034,CUST-21503,2025-06-04 15:09:02,778.27,purchase
577fab05-c609-459d-84d9-8a186c10a71f,de011e3a-a3ec-401a-bfa8-6c2f85cb6bb2,C022,CUST-47188,2026-01-31 16:32:52,1419.77,purchase
87fa4064-77b4-4603-b09a-5a01f246d514,af34a951-b78a-4fc3-9a17-19f13087b887,C026,CUST-47389,2025-08-16 06:25:04,133.08,lead
c7777ac6-f629-4e97-a358-45205b3117b8,9ca7241c-3cbf-4417-89e1-9b6fab7715b7,C040,CUST-04643,2025-05-09 04:55:27,0.0,signup
a3d7f56a-abe8-4e0a-a587-84da271e7e3e,965f71d1-97d7-49c0-9b7e-84db2735d12c,C018,CUST-05087,2024-03-12 17:49:07,1502.09,purchase
88ecc358-8a25-472a-8393-f76b84114ede,fcd5e19e-3049-4c91-9eb9-4d2e0e7d922f,C001,CUST-46328,2026-01-29 16:11:29,1240.12,purchase
c0024432-04e9-48be-987c-4cdce834a304,0f43989f-b62e-46e9-bd48-5741ff6729ea,C008,CUST-06642,2026-01-25 09:17:08,0.0,signup
95ce7e7c-0f96-4a12-a9d4-53811075877a,fd062a38-afc5-44a4-8d49-c268af192325,C017,CUST-27008,2024-12-20 08:18:53,28.54,lead
4e2e722c-b146-4884-b352-65d64b17f4fb,2aad5451-eaba-4fda-8a7b-ca4745c57d2d,C019,CUST-30492,2024-02-27 04:49:39,117.06,lead
cf80df2d-2b1b-429f-a93b-bd0fd570f33c,828a81a8-4513-4caa-8751-0e69abbc76ca,C041,CUST-14166,2026-02-06 14:31:02,1949.53,purchase
b73e9b91-9683-4632-ac23-b16178a23592,ac233c1c-5715-40d5-b1e6-9a4f77f238aa,C043,CUST-37429,2024-02-04 01:57:14,0.0,signup
2de829f5-09a0-49bc-8036-200722e45207,9b2b5179-428d-41f0-b089-8660e8fe9aa8,C025,CUST-22613,2024-07-01 14:08:14,983.23,purchase
3c00c94f-37f4-4680-bb74-0a4e930adb94,6ec55e88-e124-40a8-89ae-9a0e621a01bc,C042,CUST-27118,2024-02-01 02:22:35,91.05,purchase
9fd2363c-7b5f-4394-b466-b4253ef9b37d,432a4419-0f4a-406e-8a7c-96118185c8ac,C044,CUST-26196,2024-12-15 17:44:22,456.05,lead
69f3008b-d182-4d6b-93ae-8bc73009794e,b88add2a-6a4e-4d91-ba40-634099cdd9cb,C035,CUST-29002,2026-02-07 06:39:05,0.0,signup
3837c96f-7580-4919-abc4-cb2bd488c595,3aaf962d-22ef-4784-8dae-58d8301cd67c,C037,CUST-03378,2025-12-21 22:21:04,344.52,lead
3bb74f7c-1e4c-4a3e-bc9e-7daa4ac239f0,3b099a29-649f-4375-ab39-bf95e0bda36c,C042,CUST-03608,2025-11-06 03:58:59,107.71,lead
f9a36fbf-165b-4d8d-9dbc-39f43d900d71,7fead999-a480-4c84-a886-409a1fe7d26c,C028,CUST-24275,2025-05-19 21:24:56,344.53,lead
9af01f0b-99fb-4b87-a77b-3a69e60204d4,3916dcc6-f3e3-4905-ae50-663aa3b457ad,C049,CUST-26099,2024-08-24 12:50:52,433.27,lead
d8de2373-b851-4841-8baa-dff757e435ca,0c9fe485-3ea1-4d32-ad8e-fed4cb893775,C004,CUST-35664,2025-08-09 23:20:54,0.0,signup
7344f9df-d271-4b47-929a-19bd754982d8,2d7984a3-faac-48e0-bfec-0e2ad07ba55d,C029,CUST-06145,2026-02-28 20:44:36,455.2,lead
0cd2a78b-8fe2-4758-8937-8da092ee2032,b4a45c33-47a9-4304-b8aa-52f089b5f91f,C050,CUST-15970,2025-12-08 21:16:13,17.91,purchase
1f019c82-b226-47ae-907b-b7c7fb6e832a,c5314464-463e-40e5-a28d-a710d1902c91,C034,CUST-04087,2025-08-31 13:28:08,17.31,purchase
1ebf3acc-de69-494b-a419-51452347362c,47eeffea-2b9d-493a-a1a1-2d09f2d9ee21,C035,CUST-09809,2024-12-12 04:05:25,1451.18,purchase
3e46724b-c0bb-4f09-b58c-49b97c5b3d39,38a75504-1781-42b0-91c5-0afe9d7a720b,C001,CUST-11094,2025-12-30 05:49:05,0.0,signup
4713d938-dc57-489c-892a-212af442b63c,a6d1f35d-db33-4916-a5e2-65811458423d,C044,CUST-36675,2025-10-18 20:50:45,20.92,lead
473c0415-36b0-45d8-a487-115fe6f499ad,51440369-cb7a-43f6-b613-51676b4ca26a,C040,CUST-06279,2025-07-13 22:29:22,1845.79,purchase
d5357730-37c2-4d47-9e42-4f7864bfcac3,b3957165-e14d-4aa0-abd5-9176d25901b3,C042,CUST-05024,2025-10-07 17:44:39,1469.21,purchase
78f502cb-d069-40e2-9cc6-d711cf5d8aa5,64fe0239-64ed-4d07-9df6-a07968657e88,C015,CUST-37113,2024-04-28 05:44:58,0.0,signup
8c77d883-dd1b-446b-8f06-6d6796d48255,3ca006f7-1c79-4d4f-9b41-4b997f29d9c5,C003,CUST-47598,2024-02-17 07:32:45,15.36,purchase
ee6bf17b-9964-49e6-bebf-0416cfbb9542,29acada5-5356-4f30-8cec-cdd445cff524,C049,CUST-25037,2025-08-26 16:15:51,0.0,signup
51cfc548-6832-4ee6-9fb1-c0f8e2a3f507,76ed15d3-702d-4cc5-9a98-f0c9494a8b32,C019,CUST-40370,2024-03-17 04:38:06,0.0,signup
3c9f343d-494a-4edf-a390-67f1c93e40ba,92a6f763-efc4-4c2d-8fe8-cef213c9b4c5,C036,CUST-04246,2025-11-05 02:43:43,566.82,purchase
60c54517-75de-4549-b2ac-5149900c94c1,b2c866ba-a1f4-4723-9264-b1c9ec6b074f,C002,CUST-19983,2025-06-27 23:39:52,1584.01,purchase
1b2e06f0-95ec-4de6-87c7-64c753a8865f,50ca8f31-7cbb-4a74-bd5a-9e7a61149472,C006,CUST-27889,2025-10-16 17:42:56,1119.49,purchase
d19e950c-4b37-4acb-9a38-e1a48fd14966,80aa9990-7a2c-4144-b848-16d42d95fe1b,C011,CUST-48739,2025-11-02 04:57:49,0.0,signup
fbebe39d-8dfe-4ddf-b9dd-9397745c7ab3,902fccf1-725a-46c9-a5ac-389cda47b8a9,C034,CUST-07345,2025-06-05 03:27:18,0.0,signup
89760d9f-1474-4195-b3bb-7cd7fc05e316,83079f3d-117c-466e-b0cc-86d20aea17c8,C047,CUST-16862,2025-09-28 04:41:37,468.45,lead
1fea4e60-f3fd-4026-a556-bcac8c738b58,3873c57d-8188-4f26-9449-31989be0c73a,C034,CUST-33219,2024-01-30 17:43:52,0.0,signup
24f94f0c-04e7-410b-bdf4-44278700fbcf,716e8484-fb51-4d73-aec3-4cf123bec9fc,C048,CUST-07966,2025-10-04 10:13:16,0.0,signup
a1cba5cb-2942-40dd-b721-b36caf1bb4c5,f4d2602c-6f72-4d24-a7c9-fd8281a9794c,C007,CUST-09559,2025-08-03 10:19:27,1796.99,purchase
28ede754-5a89-43e0-9ba1-f5e12474e669,66752146-d514-423f-8a44-9237b9f48cd6,C016,CUST-31765,2026-03-13 12:20:47,1626.42,purchase
694da506-d015-4ab3-99a5-543cd2844d6f,7923a67c-51ca-40c6-bb3d-e62a3d6f029a,C022,CUST-16593,2024-09-04 21:19:33,195.24,lead
f62ee2c4-536f-4ea2-a79a-116f73ca9f00,6466fd16-29a9-4849-92f7-de9fa8f9d60d,C036,CUST-21420,2025-04-22 21:03:49,1413.69,purchase
